cone_number,cone_length_mm,cone_width_mm,stalk_length_mm,scale_length_mm,scale_width_mm,scale_number,cone_angle,colour (hue),value,chroma,profile,cone_ratio,openness,seed_number,filled_number,seed_viability
40.00,37.81,19.80,7.71,8.25,7.87,48.00,12.00,1.00,6.00,4.00,1.00,0.52,4.00,13.00,12.00,0.92
40.00,34.39,18.91,8.28,8.21,7.55,52.00,16.00,1.00,6.00,4.00,1.00,0.55,4.00,20.00,12.00,0.60
40.00,39.84,20.83,7.84,8.98,8.07,56.00,15.00,1.00,6.00,4.00,1.00,0.52,4.00,24.00,14.00,0.58
40.00,34.13,18.51,7.48,7.23,6.89,52.00,15.00,1.00,5.00,4.00,1.00,0.54,4.00,28.00,21.00,0.75
40.00,39.50,21.59,9.96,7.58,6.70,57.00,16.00,1.00,7.00,4.00,1.00,0.55,4.00,29.00,15.00,0.52
14.00,45.30,22.34,12.15,7.88,5.90,72.00,7.00,1.00,6.00,4.00,2.00,0.49,4.00,51.00,45.00,0.88
32.00,42.36,19.37,8.60,7.64,7.55,62.00,8.00,1.00,8.00,4.00,1.00,0.46,1.00,0.00,0.00,0.00
32.00,42.45,20.38,7.69,7.79,7.37,65.00,8.00,1.00,6.00,4.00,1.00,0.48,3.00,11.00,7.00,0.64
32.00,50.45,23.17,9.87,8.96,8.44,69.00,9.00,1.00,6.00,4.00,1.00,0.46,2.00,17.00,12.00,0.71
32.00,42.76,20.71,8.07,8.67,7.32,66.00,7.00,1.00,8.00,4.00,1.00,0.48,3.00,17.00,13.00,0.76
32.00,52.44,23.32,9.14,9.11,8.27,70.00,8.00,1.00,6.00,4.00,1.00,0.44,2.00,20.00,16.00,0.80
15.00,43.73,20.53,6.35,9.96,7.53,56.00,9.00,1.00,7.00,4.00,2.00,0.47,1.00,0.00,0.00,0.00
15.00,43.02,21.52,7.52,9.53,7.50,63.00,12.00,1.00,8.00,4.00,2.00,0.50,4.00,3.00,3.00,1.00
15.00,43.12,20.04,7.92,8.49,7.17,54.00,17.00,1.00,8.00,4.00,3.00,0.46,4.00,4.00,2.00,0.50
15.00,46.49,20.77,6.77,8.57,7.50,67.00,16.00,1.00,7.00,4.00,3.00,0.45,4.00,7.00,6.00,0.86
15.00,39.98,18.70,7.22,8.64,6.61,54.00,12.00,1.00,7.00,4.00,2.00,0.47,4.00,8.00,8.00,1.00
14.00,38.66,21.17,9.09,6.93,7.15,62.00,14.00,1.00,7.00,2.00,3.00,0.55,3.00,16.00,9.00,0.56
14.00,46.91,22.39,10.50,8.27,7.82,63.00,8.00,1.00,7.00,4.00,3.00,0.48,4.00,17.00,10.00,0.59
14.00,40.07,19.80,8.89,6.10,6.03,70.00,15.00,1.00,8.00,2.00,3.00,0.49,3.00,17.00,8.00,0.47
14.00,42.32,21.89,10.36,7.55,7.57,68.00,15.00,1.00,7.00,4.00,3.00,0.52,3.00,24.00,20.00,0.83
14.00,40.70,17.00,7.78,7.98,7.10,67.00,11.00,1.00,7.00,4.00,3.00,0.42,4.00,25.00,10.00,0.40
7.00,35.70,16.51,9.40,6.13,5.21,54.00,14.00,2.00,4.00,2.00,2.00,0.46,1.00,0.00,0.00,0.00
7.00,37.27,18.76,7.81,6.99,6.27,55.00,14.00,1.00,7.00,4.00,3.00,0.50,1.00,0.00,0.00,0.00
7.00,33.52,14.43,8.97,7.43,6.06,44.00,17.00,1.00,8.00,2.00,2.00,0.43,1.00,0.00,0.00,0.00
7.00,37.61,18.10,8.45,7.78,6.02,59.00,18.00,2.00,6.00,4.00,3.00,0.48,2.00,8.00,8.00,1.00
7.00,37.03,18.59,10.54,7.46,6.47,55.00,16.00,1.00,7.00,2.00,3.00,0.50,2.00,9.00,7.00,0.78
1.00,38.17,17.90,9.37,4.81,4.94,63.00,9.00,1.00,6.00,4.00,1.00,0.47,1.00,0.00,0.00,0.00
1.00,25.00,13.44,7.18,2.95,3.69,46.00,5.00,1.00,6.00,4.00,1.00,0.54,1.00,0.00,0.00,0.00
51.00,47.00,18.41,11.78,7.95,6.28,75.00,15.00,1.00,8.00,4.00,1.00,0.39,4.00,12.00,11.00,0.92
51.00,56.18,22.57,9.58,9.06,7.55,68.00,10.00,2.00,5.00,4.00,1.00,0.40,4.00,20.00,16.00,0.80
51.00,47.05,19.58,9.66,7.56,6.78,70.00,9.00,1.00,8.00,2.00,1.00,0.42,4.00,20.00,18.00,0.90
51.00,64.66,24.49,11.95,11.01,8.23,65.00,7.00,1.00,7.00,2.00,1.00,0.38,4.00,35.00,32.00,0.91
51.00,64.94,25.76,12.37,9.19,7.08,87.00,10.00,1.00,8.00,4.00,1.00,0.40,4.00,41.00,35.00,0.85
3.00,43.35,19.98,12.41,7.66,6.77,58.00,11.00,1.00,8.00,4.00,2.00,0.46,4.00,21.00,18.00,0.86
3.00,40.80,18.57,11.80,7.39,7.45,53.00,11.00,1.00,7.00,4.00,1.00,0.46,4.00,24.00,22.00,0.92
3.00,46.33,21.90,11.76,8.83,8.02,62.00,9.00,1.00,7.00,6.00,2.00,0.47,4.00,31.00,26.00,0.84
3.00,48.19,22.89,13.57,8.36,7.91,69.00,9.00,1.00,7.00,4.00,2.00,0.47,4.00,39.00,31.00,0.79
38.00,49.68,21.10,10.49,6.59,6.91,75.00,10.00,1.00,5.00,2.00,3.00,0.42,1.00,0.00,0.00,0.00
38.00,46.64,20.53,11.23,7.04,6.25,64.00,9.00,1.00,5.00,2.00,2.00,0.44,1.00,0.00,0.00,0.00
38.00,41.82,19.83,11.18,7.48,6.31,63.00,10.00,1.00,5.00,2.00,2.00,0.47,1.00,0.00,0.00,0.00
38.00,40.85,19.53,10.21,7.25,6.26,69.00,12.00,1.00,6.00,4.00,2.00,0.48,1.00,0.00,0.00,0.00
38.00,47.71,20.29,10.68,9.44,6.70,64.00,13.00,1.00,5.00,2.00,3.00,0.43,3.00,11.00,3.00,0.27
135.00,40.65,24.47,12.10,6.84,9.95,64.00,11.00,1.00,7.00,4.00,3.00,0.60,3.00,20.00,18.00,0.90
135.00,41.89,24.19,13.31,8.39,8.93,67.00,12.00,1.00,7.00,4.00,3.00,0.58,3.00,29.00,24.00,0.83
135.00,43.47,24.71,10.31,8.31,9.42,73.00,10.00,1.00,6.00,4.00,3.00,0.57,3.00,31.00,24.00,0.77
135.00,43.30,24.23,10.63,7.89,10.76,70.00,11.00,1.00,8.00,4.00,3.00,0.56,4.00,31.00,20.00,0.65
135.00,45.32,26.10,13.62,7.84,7.95,77.00,14.00,1.00,6.00,4.00,3.00,0.58,3.00,42.00,31.00,0.74
59.00,51.16,19.88,10.63,7.50,7.28,53.00,10.00,1.00,7.00,4.00,2.00,0.39,1.00,0.00,0.00,0.00
59.00,45.46,18.60,13.26,7.39,6.42,69.00,10.00,1.00,7.00,4.00,2.00,0.41,1.00,0.00,0.00,0.00
59.00,54.93,22.65,14.55,8.16,7.81,76.00,13.00,1.00,7.00,4.00,2.00,0.41,1.00,0.00,0.00,0.00
59.00,55.38,21.92,10.27,8.74,8.09,62.00,10.00,1.00,7.00,4.00,2.00,0.40,4.00,34.00,30.00,0.88
59.00,56.44,23.48,12.28,8.63,8.20,65.00,11.00,1.00,7.00,4.00,2.00,0.42,4.00,43.00,39.00,0.91
72.00,37.43,19.28,11.80,5.59,5.25,78.00,6.00,1.00,8.00,4.00,2.00,0.52,1.00,0.00,0.00,0.00
72.00,41.24,20.39,10.44,5.60,5.52,72.00,9.00,1.00,6.00,4.00,2.00,0.49,4.00,24.00,22.00,0.92
72.00,42.99,20.32,10.30,6.52,6.32,78.00,11.00,1.00,8.00,4.00,2.00,0.47,3.00,26.00,21.00,0.81
72.00,47.75,23.62,11.00,5.88,6.90,78.00,11.00,1.00,6.00,4.00,1.00,0.49,4.00,32.00,29.00,0.91
72.00,45.91,21.64,10.16,7.18,7.40,71.00,10.00,1.00,8.00,4.00,2.00,0.47,4.00,36.00,36.00,1.00
43.00,36.02,17.85,12.04,7.88,6.21,56.00,9.00,1.00,7.00,4.00,2.00,0.50,4.00,17.00,15.00,0.88
43.00,51.34,22.30,9.48,7.81,7.04,72.00,10.00,1.00,7.00,4.00,3.00,0.43,3.00,24.00,19.00,0.79
43.00,43.29,19.02,10.89,7.26,5.56,68.00,9.00,1.00,8.00,4.00,2.00,0.44,4.00,25.00,21.00,0.84
43.00,44.51,19.59,8.98,7.51,6.54,57.00,6.00,1.00,8.00,4.00,2.00,0.44,3.00,33.00,25.00,0.76
43.00,50.39,21.38,7.41,7.41,7.03,75.00,7.00,1.00,8.00,4.00,2.00,0.42,3.00,41.00,33.00,0.80
22.00,55.07,23.55,11.51,6.48,6.40,83.00,9.00,1.00,7.00,4.00,3.00,0.43,1.00,0.00,0.00,0.00
22.00,49.09,19.45,7.88,7.79,7.04,57.00,8.00,1.00,7.00,4.00,2.00,0.40,2.00,17.00,13.00,0.76
22.00,43.60,19.78,9.01,5.82,5.39,63.00,9.00,1.00,7.00,4.00,2.00,0.45,2.00,20.00,18.00,0.90
22.00,60.85,25.85,8.46,6.87,7.38,86.00,9.00,1.00,7.00,6.00,4.00,0.42,2.00,33.00,28.00,0.85
22.00,56.90,23.62,11.28,7.70,7.17,82.00,8.00,1.00,7.00,4.00,4.00,0.42,3.00,43.00,39.00,0.91
5.00,33.86,18.18,13.48,6.31,5.74,60.00,16.00,1.00,8.00,4.00,1.00,0.54,1.00,0.00,0.00,0.00
5.00,40.78,21.47,12.58,7.33,6.44,67.00,15.00,1.00,8.00,2.00,1.00,0.53,2.00,12.00,11.00,0.92
5.00,32.37,17.25,10.65,6.33,5.49,62.00,15.00,1.00,8.00,4.00,1.00,0.53,2.00,13.00,13.00,1.00
5.00,38.52,19.93,11.53,7.74,7.60,67.00,11.00,1.00,8.00,2.00,1.00,0.52,2.00,15.00,13.00,0.87
5.00,39.10,21.00,8.16,6.74,7.16,61.00,12.00,1.00,8.00,2.00,1.00,0.54,2.00,23.00,18.00,0.78
81.00,47.27,23.49,11.30,7.57,7.73,68.00,9.00,1.00,7.00,4.00,1.00,0.50,2.00,21.00,16.00,0.76
81.00,43.05,22.02,11.17,6.75,7.60,67.00,15.00,1.00,7.00,4.00,1.00,0.51,2.00,25.00,21.00,0.84
81.00,47.68,23.28,11.54,7.14,8.15,88.00,16.00,1.00,7.00,4.00,1.00,0.49,2.00,26.00,12.00,0.46
81.00,49.21,23.29,10.99,7.59,8.59,79.00,11.00,1.00,7.00,4.00,1.00,0.47,2.00,27.00,18.00,0.67
81.00,42.92,21.54,10.21,7.70,7.10,60.00,12.00,1.00,7.00,4.00,1.00,0.50,2.00,27.00,19.00,0.70
45.00,33.87,17.78,9.49,5.79,5.57,62.00,7.00,1.00,6.00,4.00,2.00,0.52,1.00,0.00,0.00,0.00
45.00,32.13,17.24,9.17,6.69,5.72,57.00,8.00,1.00,6.00,4.00,2.00,0.54,1.00,0.00,0.00,0.00
45.00,39.06,20.47,10.49,6.67,7.21,71.00,8.00,1.00,7.00,4.00,2.00,0.52,1.00,0.00,0.00,0.00
45.00,39.50,20.81,9.63,7.21,7.41,70.00,5.00,1.00,7.00,4.00,2.00,0.53,1.00,0.00,0.00,0.00
45.00,36.27,19.71,8.58,6.70,6.65,67.00,10.00,1.00,7.00,4.00,2.00,0.54,2.00,27.00,12.00,0.44
5.00,38.94,19.09,9.48,8.37,8.06,62.00,11.00,1.00,6.00,2.00,1.00,0.49,1.00,0.00,0.00,0.00
5.00,41.74,20.02,9.81,7.31,8.74,64.00,12.00,1.00,7.00,4.00,1.00,0.48,1.00,2.00,1.00,0.50
5.00,34.26,18.12,9.75,7.16,8.90,68.00,14.00,1.00,7.00,4.00,1.00,0.53,1.00,3.00,2.00,0.67
5.00,36.07,18.69,7.34,6.92,7.58,63.00,13.00,1.00,7.00,4.00,1.00,0.52,2.00,26.00,26.00,1.00
5.00,42.43,21.47,8.52,8.57,9.01,59.00,11.00,1.00,8.00,4.00,1.00,0.51,2.00,30.00,27.00,0.90
30.00,30.24,15.84,8.76,4.75,5.29,52.00,10.00,1.00,6.00,4.00,2.00,0.52,4.00,7.00,6.00,0.86
30.00,40.88,20.72,8.01,6.41,5.89,71.00,9.00,1.00,6.00,4.00,2.00,0.51,4.00,19.00,17.00,0.89
30.00,44.70,21.83,9.43,6.50,6.92,68.00,13.00,1.00,6.00,4.00,2.00,0.49,4.00,25.00,24.00,0.96
30.00,44.10,23.19,8.93,7.07,7.38,75.00,9.00,1.00,7.00,4.00,2.00,0.53,4.00,30.00,27.00,0.90
30.00,44.08,22.39,7.66,6.46,6.64,73.00,9.00,1.00,6.00,4.00,2.00,0.51,4.00,31.00,19.00,0.61
38.00,51.43,23.40,13.90,7.69,7.48,69.00,10.00,1.00,8.00,4.00,2.00,0.45,3.00,26.00,25.00,0.96
38.00,46.81,23.02,12.00,6.67,6.86,77.00,11.00,1.00,7.00,4.00,2.00,0.49,3.00,41.00,39.00,0.95
38.00,53.68,23.83,12.08,7.67,7.60,81.00,10.00,1.00,8.00,4.00,2.00,0.44,3.00,50.00,46.00,0.92
38.00,56.41,26.79,9.58,8.91,8.64,75.00,14.00,1.00,7.00,2.00,2.00,0.47,4.00,51.00,47.00,0.92
38.00,54.96,26.38,11.92,8.30,8.45,78.00,12.00,1.00,7.00,2.00,2.00,0.48,4.00,51.00,47.00,0.92
79.00,35.49,21.43,10.10,6.29,7.44,56.00,8.00,1.00,6.00,4.00,2.00,0.60,2.00,11.00,10.00,0.91
79.00,37.84,23.12,10.09,6.85,7.80,57.00,7.00,1.00,6.00,4.00,2.00,0.61,2.00,20.00,14.00,0.70
79.00,41.86,23.47,9.11,7.79,7.51,60.00,8.00,1.00,7.00,4.00,2.00,0.56,2.00,25.00,21.00,0.84
79.00,43.73,25.29,10.59,7.55,8.20,66.00,7.00,1.00,7.00,4.00,2.00,0.58,2.00,25.00,18.00,0.72
79.00,44.02,26.30,12.43,9.21,7.99,68.00,9.00,1.00,6.00,4.00,2.00,0.60,2.00,30.00,20.00,0.67
21.00,39.96,21.74,11.53,8.27,6.57,61.00,14.00,1.00,7.00,4.00,4.00,0.54,1.00,0.00,0.00,0.00
21.00,47.82,25.85,11.01,8.74,7.26,77.00,16.00,1.00,7.00,4.00,4.00,0.54,3.00,29.00,21.00,0.72
21.00,52.38,25.30,10.83,9.48,8.10,83.00,14.00,2.00,8.00,4.00,4.00,0.48,3.00,37.00,29.00,0.78
21.00,51.42,27.47,11.26,10.02,8.21,76.00,15.00,2.00,8.00,4.00,4.00,0.53,4.00,40.00,38.00,0.95
21.00,56.73,29.59,10.46,10.92,9.38,85.00,14.00,2.00,7.00,4.00,4.00,0.52,4.00,41.00,35.00,0.85
11.00,48.81,21.88,9.42,8.05,6.86,83.00,18.00,1.00,5.00,2.00,2.00,0.45,1.00,0.00,0.00,0.00
11.00,36.67,18.49,7.20,8.08,8.01,58.00,25.00,1.00,7.00,4.00,2.00,0.50,2.00,0.00,0.00,0.00
11.00,44.16,21.62,6.78,8.28,7.99,66.00,26.00,1.00,6.00,2.00,2.00,0.49,2.00,10.00,9.00,0.90
11.00,48.12,19.26,9.24,7.66,8.04,75.00,20.00,1.00,8.00,4.00,2.00,0.40,2.00,12.00,10.00,0.83
11.00,45.95,20.15,8.17,7.11,6.95,73.00,12.00,1.00,7.00,4.00,2.00,0.44,3.00,21.00,19.00,0.90
31.00,38.51,19.87,7.25,6.48,7.48,51.00,6.00,1.00,8.00,6.00,1.00,0.52,4.00,22.00,21.00,0.95
31.00,39.79,20.42,6.51,5.57,7.43,59.00,6.00,1.00,8.00,6.00,1.00,0.51,4.00,25.00,22.00,0.88
31.00,40.59,20.98,6.18,6.93,7.66,57.00,5.00,1.00,7.00,6.00,1.00,0.52,4.00,26.00,25.00,0.96
31.00,43.81,22.50,6.43,6.58,8.54,56.00,7.00,1.00,7.00,6.00,1.00,0.51,4.00,27.00,27.00,1.00
31.00,42.51,21.41,5.42,6.89,7.72,54.00,5.00,1.00,8.00,6.00,1.00,0.50,4.00,29.00,27.00,0.93
68.00,38.09,18.34,10.01,8.05,7.12,53.00,15.00,1.00,7.00,4.00,1.00,0.48,1.00,0.00,0.00,0.00
68.00,27.17,19.40,9.92,8.05,8.22,53.00,25.00,1.00,8.00,2.00,1.00,0.71,1.00,0.00,0.00,0.00
68.00,43.81,21.28,8.61,9.55,9.17,66.00,12.00,1.00,7.00,4.00,2.00,0.49,2.00,8.00,8.00,1.00
68.00,37.40,18.19,7.44,8.44,8.51,56.00,16.00,2.00,6.00,4.00,1.00,0.49,2.00,11.00,9.00,0.82
68.00,48.57,23.77,10.17,10.09,9.88,61.00,17.00,1.00,8.00,4.00,2.00,0.49,3.00,29.00,29.00,1.00
4.00,44.59,23.05,7.39,7.96,7.36,67.00,15.00,1.00,7.00,4.00,1.00,0.52,3.00,0.00,0.00,0.00
4.00,49.97,24.96,10.42,8.74,8.44,74.00,10.00,1.00,8.00,2.00,1.00,0.50,2.00,8.00,5.00,0.63
4.00,39.63,21.39,7.16,8.40,7.14,75.00,14.00,1.00,6.00,2.00,1.00,0.54,3.00,9.00,4.00,0.44
4.00,45.86,22.79,9.20,6.26,7.27,78.00,14.00,1.00,8.00,2.00,1.00,0.50,3.00,14.00,2.00,0.14
4.00,49.10,26.07,8.91,9.95,8.90,81.00,14.00,1.00,7.00,4.00,1.00,0.53,3.00,22.00,8.00,0.36
34.00,41.44,21.64,10.22,6.60,6.20,80.00,10.00,1.00,8.00,4.00,3.00,0.52,3.00,19.00,16.00,0.84
34.00,43.64,22.49,10.62,7.41,6.80,82.00,7.00,1.00,6.00,4.00,3.00,0.52,4.00,30.00,30.00,1.00
34.00,48.66,22.57,10.63,6.71,6.83,76.00,8.00,1.00,8.00,4.00,4.00,0.46,4.00,33.00,33.00,1.00
34.00,53.74,24.76,11.09,7.86,7.25,79.00,8.00,1.00,7.00,4.00,4.00,0.46,4.00,35.00,34.00,0.97
34.00,51.49,26.06,9.99,6.66,6.60,85.00,8.00,1.00,8.00,4.00,4.00,0.51,4.00,44.00,44.00,1.00
49.00,65.24,26.87,10.33,9.57,9.50,72.00,11.00,1.00,5.00,2.00,2.00,0.41,4.00,42.00,27.00,0.64
49.00,58.08,23.16,8.78,8.76,8.58,67.00,6.00,1.00,8.00,6.00,2.00,0.40,3.00,48.00,34.00,0.71
49.00,69.48,29.42,11.13,9.95,10.33,80.00,6.00,1.00,7.00,4.00,2.00,0.42,4.00,54.00,39.00,0.72
49.00,67.46,26.84,10.05,8.27,8.98,81.00,5.00,1.00,7.00,4.00,2.00,0.40,4.00,65.00,50.00,0.77
49.00,73.17,31.16,12.25,9.98,10.58,80.00,9.00,1.00,8.00,6.00,2.00,0.43,4.00,79.00,64.00,0.81
8.00,30.20,16.14,9.38,5.15,6.32,52.00,11.00,1.00,7.00,4.00,2.00,0.53,1.00,0.00,0.00,0.00
8.00,27.14,14.60,7.30,6.94,6.13,51.00,11.00,1.00,8.00,4.00,1.00,0.54,2.00,4.00,4.00,1.00
8.00,31.29,15.29,11.74,6.06,6.25,52.00,14.00,1.00,7.00,4.00,1.00,0.49,2.00,5.00,4.00,0.80
8.00,31.40,16.33,9.40,6.81,7.07,55.00,10.00,1.00,7.00,4.00,2.00,0.52,2.00,13.00,13.00,1.00
8.00,33.82,16.56,9.74,6.01,6.69,56.00,14.00,1.00,8.00,4.00,2.00,0.49,2.00,19.00,18.00,0.95
8.00,37.83,17.01,8.64,8.64,8.11,53.00,6.00,1.00,7.00,4.00,1.00,0.45,1.00,0.00,0.00,0.00
8.00,33.24,15.78,7.71,7.18,6.62,47.00,7.00,1.00,7.00,4.00,1.00,0.47,1.00,0.00,0.00,0.00
8.00,35.69,18.22,9.22,8.34,8.00,50.00,6.00,1.00,7.00,4.00,1.00,0.51,2.00,0.00,0.00,0.00
8.00,38.39,17.92,8.25,7.93,7.30,64.00,8.00,1.00,7.00,6.00,1.00,0.47,1.00,0.00,0.00,0.00
8.00,42.53,20.45,8.92,9.34,8.44,57.00,6.00,1.00,7.00,6.00,1.00,0.48,2.00,11.00,7.00,0.64
7.00,49.85,24.50,6.50,7.19,7.12,58.00,16.00,1.00,8.00,2.00,4.00,0.49,2.00,12.00,12.00,1.00
7.00,51.89,25.48,5.01,9.12,8.85,60.00,18.00,1.00,8.00,2.00,4.00,0.49,2.00,17.00,16.00,0.94
7.00,50.53,23.96,7.52,7.86,7.34,60.00,16.00,1.00,8.00,2.00,4.00,0.47,3.00,24.00,24.00,1.00
7.00,50.67,25.40,7.38,7.15,7.22,56.00,15.00,1.00,8.00,2.00,4.00,0.50,4.00,25.00,23.00,0.92
7.00,51.23,24.35,7.63,8.16,8.55,55.00,12.00,1.00,8.00,2.00,4.00,0.48,4.00,27.00,25.00,0.93
17.00,33.45,18.61,9.59,7.31,6.83,56.00,12.00,1.00,8.00,4.00,2.00,0.56,2.00,12.00,11.00,0.92
17.00,39.70,21.83,8.72,7.82,8.28,56.00,7.00,1.00,8.00,4.00,2.00,0.55,3.00,31.00,28.00,0.90
17.00,39.82,22.33,8.92,8.19,7.61,66.00,11.00,1.00,8.00,4.00,2.00,0.56,3.00,32.00,30.00,0.94
17.00,39.68,20.36,8.65,7.27,7.62,61.00,10.00,1.00,8.00,4.00,2.00,0.51,3.00,35.00,32.00,0.91
17.00,43.48,24.45,8.56,7.77,7.67,66.00,15.00,1.00,8.00,4.00,2.00,0.56,3.00,40.00,38.00,0.95
2.00,40.67,22.70,9.04,7.56,7.54,64.00,12.00,1.00,7.00,4.00,3.00,0.56,3.00,14.00,6.00,0.43
2.00,33.74,18.55,9.02,6.84,6.89,53.00,12.00,1.00,7.00,4.00,3.00,0.55,2.00,25.00,10.00,0.40
64.00,36.32,19.09,12.08,5.38,6.40,85.00,16.00,1.00,7.00,2.00,4.00,0.53,3.00,20.00,10.00,0.50
64.00,44.53,22.68,7.74,8.63,7.89,75.00,16.00,1.00,7.00,4.00,4.00,0.51,3.00,23.00,17.00,0.74
64.00,28.84,17.72,13.45,4.33,4.77,79.00,15.00,1.00,7.00,4.00,4.00,0.61,3.00,24.00,18.00,0.75
64.00,37.26,19.93,11.74,5.33,6.70,98.00,18.00,1.00,6.00,2.00,4.00,0.53,3.00,28.00,27.00,0.96
64.00,37.46,20.22,12.11,5.75,6.39,92.00,21.00,1.00,7.00,4.00,4.00,0.54,3.00,29.00,27.00,0.93
2.00,34.07,18.00,9.34,7.47,7.10,57.00,11.00,1.00,7.00,4.00,3.00,0.53,3.00,19.00,17.00,0.89
2.00,42.28,21.20,5.59,8.70,8.41,58.00,21.00,2.00,4.00,2.00,2.00,0.50,4.00,35.00,32.00,0.91
2.00,41.92,20.70,5.89,8.35,7.47,68.00,10.00,1.00,7.00,2.00,2.00,0.49,4.00,35.00,30.00,0.86
2.00,45.06,21.88,7.77,9.87,8.49,70.00,15.00,2.00,4.00,2.00,3.00,0.49,4.00,37.00,32.00,0.86
3.00,29.05,15.39,10.25,6.43,6.33,53.00,14.00,1.00,5.00,4.00,1.00,0.53,2.00,0.00,0.00,0.00
3.00,46.94,22.20,9.65,9.31,8.90,73.00,22.00,2.00,5.00,6.00,1.00,0.47,3.00,25.00,23.00,0.92
3.00,40.05,19.99,10.95,9.80,7.92,70.00,15.00,2.00,5.00,6.00,1.00,0.50,3.00,38.00,33.00,0.87
2.00,41.72,23.04,6.21,6.94,7.21,64.00,7.00,1.00,8.00,6.00,3.00,0.55,4.00,26.00,17.00,0.65
2.00,49.41,24.66,5.63,7.07,7.27,73.00,8.00,1.00,8.00,6.00,3.00,0.50,3.00,32.00,28.00,0.88
83.00,42.24,18.60,10.17,6.06,5.76,64.00,7.00,1.00,8.00,4.00,2.00,0.44,3.00,23.00,18.00,0.78
83.00,44.24,21.24,9.86,7.03,6.40,73.00,6.00,1.00,7.00,4.00,2.00,0.48,3.00,29.00,25.00,0.86
83.00,48.31,23.15,9.63,6.72,6.55,75.00,10.00,1.00,7.00,4.00,2.00,0.48,4.00,32.00,28.00,0.88
83.00,53.40,22.42,9.99,8.35,7.81,73.00,6.00,1.00,7.00,4.00,2.00,0.42,4.00,33.00,28.00,0.85
83.00,41.95,20.30,8.72,6.72,6.79,71.00,10.00,1.00,8.00,4.00,2.00,0.48,3.00,35.00,33.00,0.94
7.00,44.28,20.67,10.56,7.96,6.94,66.00,7.00,1.00,6.00,4.00,1.00,0.47,1.00,0.00,0.00,0.00
7.00,29.95,15.67,8.06,6.45,5.62,50.00,7.00,1.00,6.00,4.00,1.00,0.52,2.00,0.00,0.00,0.00
7.00,48.21,23.18,9.72,9.37,7.87,70.00,9.00,1.00,7.00,6.00,1.00,0.48,2.00,4.00,4.00,1.00
7.00,35.48,17.56,8.62,6.82,5.78,60.00,7.00,1.00,6.00,4.00,1.00,0.49,2.00,13.00,12.00,0.92
7.00,51.20,24.00,9.82,9.89,7.12,71.00,9.00,1.00,7.00,6.00,1.00,0.47,2.00,16.00,11.00,0.69
69.00,45.26,21.77,11.51,6.67,6.80,77.00,10.00,1.00,8.00,4.00,2.00,0.48,2.00,22.00,14.00,0.64
69.00,45.83,19.45,9.98,6.94,6.82,67.00,12.00,1.00,8.00,4.00,2.00,0.42,4.00,30.00,23.00,0.77
69.00,48.79,22.43,10.09,8.34,7.81,71.00,9.00,1.00,7.00,4.00,2.00,0.46,4.00,34.00,32.00,0.94
69.00,46.99,19.98,10.86,6.95,7.11,76.00,11.00,1.00,7.00,4.00,2.00,0.43,4.00,37.00,35.00,0.95
69.00,56.88,23.82,11.41,7.23,8.10,77.00,8.00,1.00,8.00,4.00,2.00,0.42,4.00,43.00,39.00,0.91
1.00,36.14,17.31,8.02,5.85,5.96,64.00,9.00,2.00,5.00,2.00,2.00,0.48,3.00,16.00,12.00,0.75
1.00,43.44,21.82,8.43,7.00,7.41,76.00,10.00,2.00,5.00,2.00,2.00,0.50,3.00,34.00,34.00,1.00
1.00,41.43,21.54,8.76,6.65,7.16,79.00,11.00,1.00,6.00,4.00,2.00,0.52,4.00,40.00,37.00,0.93
5.00,50.23,19.50,7.30,5.64,6.22,81.00,9.00,2.00,5.00,2.00,1.00,0.39,1.00,0.00,0.00,0.00
5.00,46.89,18.35,7.69,6.03,6.52,72.00,10.00,1.00,6.00,4.00,1.00,0.39,2.00,23.00,21.00,0.91
5.00,37.47,16.24,7.41,5.34,4.67,76.00,9.00,1.00,6.00,2.00,1.00,0.43,2.00,28.00,27.00,0.96
5.00,44.80,18.55,8.21,6.26,5.64,62.00,9.00,1.00,5.00,2.00,1.00,0.41,4.00,29.00,24.00,0.83
5.00,53.28,20.04,8.20,5.59,5.33,80.00,9.00,1.00,7.00,4.00,1.00,0.38,3.00,29.00,25.00,0.86
114.00,44.66,20.16,6.81,8.80,7.17,55.00,9.00,1.00,6.00,4.00,1.00,0.45,1.00,0.00,0.00,0.00
114.00,49.98,21.73,9.56,9.10,8.52,64.00,6.00,1.00,6.00,4.00,2.00,0.43,2.00,6.00,3.00,0.50
114.00,38.80,16.62,7.32,6.55,6.89,53.00,6.00,1.00,7.00,4.00,1.00,0.43,3.00,20.00,17.00,0.85
114.00,43.97,19.71,10.62,8.58,7.36,66.00,8.00,1.00,6.00,4.00,1.00,0.45,3.00,29.00,24.00,0.83
114.00,47.90,19.73,8.56,7.69,6.73,66.00,5.00,1.00,7.00,4.00,2.00,0.41,3.00,29.00,21.00,0.72
28.00,45.35,21.86,8.87,9.11,7.84,64.00,11.00,1.00,6.00,4.00,1.00,0.48,3.00,29.00,22.00,0.76
28.00,37.43,19.66,8.46,8.10,7.84,63.00,9.00,1.00,6.00,4.00,1.00,0.53,4.00,30.00,21.00,0.70
28.00,37.17,19.45,8.32,7.48,7.03,58.00,8.00,1.00,7.00,2.00,1.00,0.52,3.00,30.00,22.00,0.73
28.00,50.01,23.19,7.94,8.34,7.41,67.00,11.00,1.00,6.00,4.00,2.00,0.46,4.00,33.00,29.00,0.88
28.00,48.57,24.82,12.05,8.56,7.97,73.00,8.00,2.00,6.00,6.00,2.00,0.51,4.00,35.00,28.00,0.80
25.00,41.17,21.99,8.10,7.83,8.68,61.00,6.00,1.00,7.00,4.00,2.00,0.53,2.00,18.00,18.00,1.00
25.00,32.76,18.05,10.18,5.12,4.64,83.00,7.00,1.00,8.00,4.00,2.00,0.55,2.00,18.00,15.00,0.83
25.00,46.82,23.72,7.46,8.86,8.38,58.00,6.00,1.00,7.00,4.00,2.00,0.51,3.00,20.00,19.00,0.95
25.00,43.88,23.10,10.10,7.93,7.50,72.00,14.00,1.00,7.00,4.00,2.00,0.53,3.00,22.00,20.00,0.91
25.00,42.31,24.60,12.51,7.61,6.82,86.00,10.00,2.00,5.00,2.00,3.00,0.58,3.00,43.00,35.00,0.81
58.00,59.94,26.06,9.76,8.41,6.44,78.00,6.00,2.00,7.00,6.00,4.00,0.43,1.00,0.00,0.00,0.00
58.00,52.01,23.33,10.07,7.84,6.18,75.00,10.00,1.00,8.00,4.00,3.00,0.45,1.00,0.00,0.00,0.00
58.00,56.48,24.25,9.81,8.75,7.50,67.00,10.00,1.00,7.00,4.00,3.00,0.43,2.00,22.00,20.00,0.91
58.00,50.76,22.40,8.37,7.03,5.58,68.00,10.00,1.00,6.00,4.00,3.00,0.44,2.00,23.00,18.00,0.78
58.00,55.73,24.57,8.22,8.23,6.16,65.00,10.00,1.00,7.00,4.00,4.00,0.44,2.00,25.00,21.00,0.84
26.00,42.83,24.50,8.25,8.00,8.13,64.00,9.00,1.00,7.00,4.00,3.00,0.57,2.00,15.00,15.00,1.00
26.00,40.38,23.21,7.69,7.08,7.96,62.00,8.00,1.00,7.00,4.00,3.00,0.57,2.00,16.00,16.00,1.00
26.00,45.55,25.16,7.20,7.29,7.86,69.00,10.00,1.00,8.00,4.00,3.00,0.55,2.00,17.00,16.00,0.94
26.00,43.51,24.94,7.79,7.31,8.12,73.00,7.00,1.00,7.00,4.00,3.00,0.57,2.00,21.00,21.00,1.00
26.00,41.36,24.90,7.22,6.74,8.15,77.00,7.00,1.00,8.00,4.00,3.00,0.60,2.00,26.00,26.00,1.00
29.00,39.35,17.52,8.56,7.74,6.31,76.00,15.00,1.00,7.00,4.00,2.00,0.45,3.00,10.00,8.00,0.80
29.00,32.17,15.69,8.34,7.47,6.92,57.00,18.00,1.00,7.00,4.00,2.00,0.49,3.00,13.00,10.00,0.77
29.00,32.53,16.13,8.32,7.40,6.69,55.00,10.00,1.00,7.00,4.00,2.00,0.50,3.00,13.00,7.00,0.54
29.00,33.48,16.76,6.11,7.00,6.02,59.00,12.00,1.00,7.00,4.00,2.00,0.50,3.00,16.00,14.00,0.88
29.00,42.59,19.65,9.58,7.44,6.35,74.00,17.00,1.00,7.00,4.00,2.00,0.46,3.00,27.00,23.00,0.85
14.00,49.36,23.46,13.13,6.61,5.20,89.00,9.00,1.00,7.00,4.00,2.00,0.48,4.00,37.00,31.00,0.84
14.00,53.77,23.99,12.06,7.46,7.07,78.00,7.00,1.00,7.00,4.00,2.00,0.45,3.00,39.00,31.00,0.79
14.00,47.70,23.35,9.03,7.30,6.32,87.00,0.00,1.00,7.00,4.00,2.00,0.49,4.00,39.00,26.00,0.67
14.00,56.35,25.60,12.26,7.53,6.88,84.00,10.00,1.00,7.00,4.00,2.00,0.45,4.00,48.00,35.00,0.73
14.00,55.76,24.26,10.73,8.23,7.80,86.00,10.00,1.00,8.00,4.00,3.00,0.44,4.00,49.00,34.00,0.69
30.00,47.08,22.54,10.33,9.69,8.72,62.00,12.00,1.00,8.00,4.00,3.00,0.48,3.00,31.00,30.00,0.97
30.00,46.21,24.15,10.80,9.68,9.10,66.00,10.00,1.00,8.00,4.00,3.00,0.52,3.00,33.00,30.00,0.91
30.00,49.11,24.22,10.69,9.86,8.43,66.00,9.00,1.00,6.00,4.00,3.00,0.49,3.00,36.00,31.00,0.86
30.00,54.77,25.74,10.57,9.67,8.81,75.00,7.00,1.00,7.00,4.00,3.00,0.47,2.00,36.00,15.00,0.42
30.00,46.02,23.42,10.93,8.37,7.53,67.00,9.00,1.00,7.00,4.00,3.00,0.51,4.00,45.00,39.00,0.87
5.00,33.96,16.21,10.33,5.81,5.59,48.00,6.00,1.00,5.00,2.00,1.00,0.48,4.00,15.00,11.00,0.73
5.00,38.19,17.52,9.90,7.68,7.54,44.00,5.00,1.00,5.00,2.00,1.00,0.46,2.00,16.00,11.00,0.69
5.00,36.55,16.96,7.90,7.22,7.12,43.00,8.00,1.00,5.00,2.00,2.00,0.46,4.00,19.00,13.00,0.68
5.00,38.37,15.93,10.02,6.82,7.71,46.00,7.00,1.00,7.00,4.00,1.00,0.42,4.00,25.00,17.00,0.68
5.00,43.35,21.33,10.02,6.84,7.11,70.00,9.00,1.00,7.00,4.00,2.00,0.49,4.00,34.00,25.00,0.74
82.00,41.62,18.40,9.08,7.45,7.04,59.00,6.00,2.00,7.00,4.00,1.00,0.44,4.00,22.00,16.00,0.73
82.00,43.92,19.51,7.54,8.26,7.67,54.00,5.00,1.00,7.00,4.00,1.00,0.44,4.00,32.00,28.00,0.88
82.00,44.69,21.86,9.74,8.31,7.93,56.00,8.00,1.00,7.00,6.00,2.00,0.49,4.00,34.00,31.00,0.91
82.00,45.88,19.97,10.31,7.64,7.01,62.00,5.00,1.00,7.00,2.00,1.00,0.44,4.00,37.00,34.00,0.92
82.00,44.06,20.89,9.66,6.88,7.31,64.00,6.00,1.00,7.00,4.00,2.00,0.47,4.00,44.00,42.00,0.95
16.00,44.13,22.02,7.47,7.14,8.17,57.00,7.00,1.00,6.00,2.00,2.00,0.50,2.00,13.00,7.00,0.54
16.00,41.88,21.77,7.79,6.65,7.25,68.00,5.00,1.00,6.00,2.00,1.00,0.52,2.00,18.00,6.00,0.33
16.00,45.29,23.71,6.58,8.34,8.54,66.00,8.00,1.00,6.00,2.00,1.00,0.52,3.00,21.00,7.00,0.33
16.00,48.91,24.90,6.44,7.91,8.61,69.00,7.00,1.00,8.00,4.00,2.00,0.51,3.00,23.00,9.00,0.39
16.00,44.72,23.74,6.56,7.37,8.43,68.00,7.00,1.00,8.00,4.00,2.00,0.53,4.00,27.00,16.00,0.59
37.00,45.68,21.06,9.10,8.06,7.23,61.00,11.00,1.00,7.00,4.00,1.00,0.46,4.00,12.00,3.00,0.25
37.00,41.75,22.07,9.61,8.31,7.28,68.00,19.00,1.00,8.00,4.00,1.00,0.53,2.00,22.00,6.00,0.27
37.00,45.09,22.61,7.94,9.02,7.94,56.00,17.00,1.00,6.00,4.00,1.00,0.50,4.00,24.00,10.00,0.42
37.00,36.62,17.76,8.62,6.68,5.77,67.00,9.00,1.00,7.00,4.00,1.00,0.48,4.00,27.00,9.00,0.33
37.00,44.20,20.98,9.80,8.02,7.49,66.00,11.00,1.00,7.00,4.00,1.00,0.47,4.00,37.00,8.00,0.22
110.00,41.83,19.06,9.55,5.43,6.49,57.00,10.00,1.00,7.00,4.00,1.00,0.46,2.00,8.00,6.00,0.75
110.00,49.10,21.23,8.15,8.45,8.80,68.00,11.00,1.00,7.00,4.00,1.00,0.43,3.00,13.00,11.00,0.85
110.00,48.02,21.89,8.19,6.67,6.90,66.00,8.00,1.00,7.00,4.00,1.00,0.46,4.00,27.00,20.00,0.74
110.00,54.13,23.37,8.42,7.84,7.81,79.00,10.00,1.00,7.00,4.00,1.00,0.43,3.00,28.00,22.00,0.79
110.00,50.74,22.91,8.66,7.50,8.33,72.00,11.00,1.00,7.00,4.00,1.00,0.45,4.00,30.00,20.00,0.67
95.00,34.02,19.36,8.98,6.41,6.03,56.00,9.00,2.00,6.00,6.00,2.00,0.57,4.00,26.00,19.00,0.73
95.00,52.96,29.65,13.51,9.22,9.14,84.00,12.00,1.00,7.00,4.00,4.00,0.56,4.00,26.00,21.00,0.81
95.00,42.05,24.54,10.78,8.08,8.91,68.00,6.00,1.00,7.00,4.00,3.00,0.58,4.00,38.00,24.00,0.63
95.00,44.87,25.51,10.52,7.22,7.69,69.00,5.00,2.00,6.00,6.00,3.00,0.57,4.00,44.00,40.00,0.91
95.00,54.99,31.03,11.11,9.80,9.96,82.00,13.00,2.00,6.00,6.00,4.00,0.56,4.00,48.00,43.00,0.90
2.00,26.42,15.95,9.36,4.98,5.25,42.00,12.00,1.00,5.00,2.00,1.00,0.60,1.00,0.00,0.00,0.00
2.00,22.08,14.55,8.46,5.45,5.38,46.00,12.00,1.00,5.00,2.00,1.00,0.66,1.00,0.00,0.00,0.00
2.00,33.99,19.01,7.59,6.35,6.32,55.00,9.00,1.00,7.00,4.00,2.00,0.56,1.00,0.00,0.00,0.00
2.00,29.52,18.27,8.78,6.09,6.35,47.00,9.00,1.00,7.00,4.00,1.00,0.62,1.00,0.00,0.00,0.00
2.00,40.62,22.87,7.45,7.50,8.07,69.00,9.00,1.00,8.00,4.00,2.00,0.56,2.00,25.00,25.00,1.00
1.00,38.59,21.80,7.79,7.21,7.00,69.00,8.00,1.00,6.00,4.00,1.00,0.56,2.00,14.00,12.00,0.86
1.00,39.12,21.65,5.67,6.92,6.48,63.00,6.00,1.00,6.00,4.00,1.00,0.55,2.00,21.00,21.00,1.00
1.00,36.07,20.76,6.59,6.40,7.24,65.00,8.00,1.00,6.00,4.00,1.00,0.58,3.00,22.00,22.00,1.00
1.00,41.31,22.58,6.29,7.40,7.20,70.00,8.00,1.00,6.00,4.00,1.00,0.55,4.00,27.00,23.00,0.85
1.00,37.29,22.27,6.10,6.59,6.48,70.00,7.00,1.00,6.00,4.00,1.00,0.60,4.00,29.00,29.00,1.00
55.00,44.20,24.07,8.63,7.74,8.45,56.00,5.00,1.00,7.00,2.00,2.00,0.54,3.00,26.00,22.00,0.85
55.00,44.16,25.06,10.08,7.41,8.25,59.00,6.00,1.00,7.00,2.00,2.00,0.57,2.00,32.00,25.00,0.78
55.00,47.88,24.89,9.56,6.89,8.45,60.00,9.00,1.00,7.00,4.00,2.00,0.52,3.00,34.00,30.00,0.88
55.00,43.84,22.92,9.00,6.75,7.52,57.00,7.00,1.00,7.00,4.00,2.00,0.52,3.00,35.00,33.00,0.94
55.00,46.19,25.32,8.56,8.23,8.47,54.00,11.00,1.00,7.00,4.00,2.00,0.55,3.00,36.00,31.00,0.86
5.00,48.38,21.72,9.03,7.47,6.85,66.00,9.00,1.00,8.00,4.00,2.00,0.45,1.00,0.00,0.00,0.00
5.00,46.05,20.81,7.55,6.53,7.08,62.00,10.00,1.00,7.00,4.00,2.00,0.45,2.00,20.00,20.00,1.00
5.00,48.96,23.49,7.45,7.95,7.56,70.00,6.00,1.00,8.00,4.00,2.00,0.48,2.00,25.00,23.00,0.92
5.00,46.24,21.35,8.17,7.81,7.07,60.00,6.00,1.00,8.00,4.00,2.00,0.46,3.00,27.00,22.00,0.81
5.00,49.95,22.43,9.96,8.01,7.55,63.00,6.00,1.00,8.00,4.00,2.00,0.45,2.00,33.00,30.00,0.91
6.00,37.21,21.41,12.17,7.68,6.85,57.00,10.00,1.00,8.00,2.00,1.00,0.58,3.00,31.00,29.00,0.94
6.00,36.62,21.80,10.20,7.41,6.60,56.00,12.00,1.00,8.00,2.00,1.00,0.60,3.00,35.00,28.00,0.80
6.00,38.39,22.33,10.23,7.98,8.34,62.00,10.00,1.00,6.00,4.00,1.00,0.58,4.00,38.00,35.00,0.92
6.00,39.57,21.87,9.75,6.75,7.51,64.00,12.00,1.00,8.00,2.00,1.00,0.55,4.00,41.00,36.00,0.88
6.00,50.05,26.12,11.29,8.63,8.68,76.00,9.00,1.00,8.00,6.00,1.00,0.52,4.00,48.00,42.00,0.88
40.00,57.34,25.27,10.53,8.13,6.54,74.00,5.00,1.00,8.00,4.00,2.00,0.44,2.00,13.00,13.00,1.00
40.00,48.25,20.86,8.90,6.26,6.11,73.00,7.00,1.00,7.00,4.00,2.00,0.43,2.00,14.00,13.00,0.93
40.00,45.54,21.25,8.52,6.38,6.20,78.00,7.00,1.00,7.00,4.00,2.00,0.47,3.00,22.00,21.00,0.95
40.00,52.88,24.54,7.49,7.13,5.92,84.00,7.00,1.00,7.00,4.00,2.00,0.46,2.00,24.00,24.00,1.00
40.00,58.87,24.46,6.56,6.99,6.24,93.00,7.00,1.00,8.00,4.00,2.00,0.42,2.00,35.00,34.00,0.97
15.00,50.73,22.37,8.88,7.69,7.12,70.00,7.00,1.00,7.00,4.00,2.00,0.44,2.00,4.00,3.00,0.75
15.00,41.55,18.65,9.05,6.61,6.70,66.00,12.00,1.00,8.00,4.00,2.00,0.45,2.00,15.00,14.00,0.93
15.00,46.15,22.29,10.91,7.74,7.38,79.00,17.00,1.00,7.00,4.00,2.00,0.48,2.00,16.00,6.00,0.38
15.00,48.52,20.42,11.12,7.66,8.00,65.00,14.00,1.00,6.00,4.00,2.00,0.42,2.00,28.00,25.00,0.89
15.00,49.93,22.60,12.30,6.59,6.72,78.00,9.00,1.00,8.00,4.00,2.00,0.45,2.00,30.00,13.00,0.43
14.00,44.90,22.44,12.05,6.27,6.11,92.00,10.00,1.00,6.00,4.00,2.00,0.50,4.00,36.00,29.00,0.81
14.00,44.51,23.00,11.21,7.51,6.64,80.00,6.00,1.00,6.00,4.00,2.00,0.52,4.00,43.00,38.00,0.88
14.00,45.28,23.85,10.90,7.69,7.08,74.00,8.00,1.00,6.00,4.00,2.00,0.53,4.00,51.00,39.00,0.76
14.00,45.39,23.32,12.49,8.20,6.26,83.00,15.00,1.00,6.00,4.00,2.00,0.51,4.00,53.00,42.00,0.79
53.00,47.40,22.47,10.13,7.21,7.02,71.00,7.00,1.00,7.00,4.00,2.00,0.47,2.00,8.00,5.00,0.63
53.00,50.77,22.88,11.04,6.80,6.37,82.00,7.00,1.00,7.00,4.00,2.00,0.45,4.00,18.00,13.00,0.72
53.00,50.17,24.15,11.38,7.34,6.93,74.00,6.00,1.00,5.00,2.00,2.00,0.48,2.00,20.00,9.00,0.45
53.00,56.30,26.60,10.63,9.12,8.06,79.00,9.00,1.00,8.00,6.00,3.00,0.47,4.00,45.00,33.00,0.73
53.00,59.08,29.54,11.27,8.65,7.82,90.00,8.00,1.00,7.00,4.00,3.00,0.50,4.00,60.00,40.00,0.67
33.00,45.32,20.75,8.59,8.41,6.89,54.00,7.00,1.00,6.00,4.00,2.00,0.46,2.00,17.00,16.00,0.94
33.00,52.79,22.37,7.96,7.73,7.92,63.00,10.00,1.00,7.00,4.00,2.00,0.42,2.00,20.00,19.00,0.95
33.00,52.89,21.85,7.31,7.26,6.33,71.00,9.00,1.00,7.00,4.00,2.00,0.41,2.00,25.00,24.00,0.96
33.00,44.94,20.95,8.09,7.63,7.29,69.00,10.00,1.00,6.00,4.00,2.00,0.47,3.00,30.00,28.00,0.93
33.00,57.15,25.26,7.73,7.76,7.10,76.00,8.00,1.00,7.00,4.00,2.00,0.44,3.00,33.00,30.00,0.91
43.00,45.83,24.53,10.95,7.63,7.53,68.00,8.00,1.00,7.00,4.00,2.00,0.54,4.00,33.00,32.00,0.97
43.00,46.04,28.43,12.00,7.89,7.80,77.00,7.00,1.00,6.00,4.00,3.00,0.62,4.00,38.00,35.00,0.92
43.00,44.94,22.76,11.60,6.28,6.92,77.00,9.00,1.00,7.00,4.00,2.00,0.51,4.00,40.00,37.00,0.93
43.00,44.29,23.40,12.33,6.75,6.20,83.00,12.00,1.00,7.00,4.00,2.00,0.53,4.00,46.00,44.00,0.96
43.00,52.27,25.53,11.70,8.09,7.74,85.00,10.00,1.00,7.00,4.00,3.00,0.49,4.00,56.00,52.00,0.93
40.00,43.00,20.78,9.38,8.53,7.68,66.00,9.00,2.00,5.00,2.00,1.00,0.48,2.00,18.00,15.00,0.83
40.00,44.91,20.61,9.89,8.92,9.41,45.00,7.00,2.00,5.00,2.00,1.00,0.46,2.00,24.00,21.00,0.88
40.00,39.41,19.15,8.90,6.46,7.25,64.00,7.00,2.00,5.00,2.00,1.00,0.49,2.00,29.00,28.00,0.97
40.00,42.97,20.38,10.13,7.94,8.49,64.00,10.00,2.00,5.00,4.00,1.00,0.47,2.00,32.00,29.00,0.91
40.00,49.19,22.58,10.20,9.14,7.54,66.00,10.00,2.00,5.00,2.00,1.00,0.46,2.00,42.00,40.00,0.95
29.00,47.25,22.79,10.80,8.11,8.70,50.00,9.00,1.00,8.00,4.00,1.00,0.48,3.00,19.00,13.00,0.68
29.00,40.90,19.14,9.95,7.34,8.67,40.00,7.00,1.00,5.00,2.00,1.00,0.47,4.00,20.00,13.00,0.65
29.00,49.40,24.36,9.26,8.79,9.16,56.00,10.00,1.00,8.00,4.00,1.00,0.49,3.00,39.00,35.00,0.90
29.00,50.98,23.71,10.57,9.18,9.24,57.00,5.00,1.00,8.00,4.00,1.00,0.47,4.00,40.00,35.00,0.88
29.00,39.31,19.86,11.22,8.03,7.90,46.00,7.00,1.00,6.00,4.00,1.00,0.51,4.00,45.00,42.00,0.93
11.00,32.37,19.28,7.70,6.44,6.09,53.00,5.00,1.00,8.00,2.00,2.00,0.60,2.00,19.00,16.00,0.84
11.00,33.32,19.14,9.11,7.50,6.42,48.00,7.00,1.00,7.00,4.00,2.00,0.57,2.00,25.00,24.00,0.96
11.00,36.62,20.77,9.46,7.78,7.72,59.00,10.00,1.00,7.00,4.00,3.00,0.57,2.00,27.00,22.00,0.81
11.00,41.66,23.51,9.70,8.32,8.51,58.00,11.00,1.00,8.00,2.00,3.00,0.56,2.00,29.00,20.00,0.69
11.00,42.12,22.72,9.05,7.81,7.66,62.00,11.00,1.00,8.00,4.00,2.00,0.54,3.00,41.00,34.00,0.83
134.00,55.31,24.50,8.86,8.12,7.38,78.00,12.00,1.00,6.00,4.00,3.00,0.44,4.00,32.00,31.00,0.97
134.00,45.48,21.18,10.24,7.02,7.26,64.00,10.00,1.00,6.00,4.00,2.00,0.47,4.00,33.00,25.00,0.76
134.00,53.84,25.13,10.21,8.96,9.01,72.00,11.00,1.00,7.00,4.00,2.00,0.47,4.00,37.00,35.00,0.95
134.00,56.89,24.74,9.62,7.68,7.27,75.00,9.00,1.00,7.00,4.00,2.00,0.43,4.00,39.00,36.00,0.92
134.00,61.65,25.77,9.30,8.68,8.77,80.00,13.00,1.00,6.00,4.00,3.00,0.42,3.00,56.00,55.00,0.98
52.00,46.43,24.08,9.74,8.01,7.85,69.00,8.00,1.00,6.00,4.00,3.00,0.52,2.00,14.00,13.00,0.93
52.00,55.29,27.64,9.88,9.97,9.37,67.00,9.00,2.00,6.00,6.00,3.00,0.50,3.00,24.00,23.00,0.96
52.00,42.88,26.39,10.41,8.58,8.27,66.00,9.00,2.00,6.00,6.00,3.00,0.62,4.00,25.00,22.00,0.88
52.00,45.99,24.25,9.67,7.13,8.78,75.00,11.00,1.00,6.00,4.00,3.00,0.53,3.00,30.00,28.00,0.93
52.00,53.70,27.83,10.62,8.74,9.14,79.00,12.00,1.00,7.00,4.00,3.00,0.52,4.00,49.00,46.00,0.94
95.00,35.43,19.67,8.81,5.96,5.93,59.00,6.00,1.00,7.00,2.00,1.00,0.56,4.00,28.00,27.00,0.96
95.00,41.90,20.25,9.69,7.76,7.18,57.00,7.00,1.00,8.00,2.00,2.00,0.48,3.00,32.00,31.00,0.97
95.00,37.83,18.98,8.74,6.95,6.28,54.00,4.00,1.00,6.00,2.00,1.00,0.50,4.00,35.00,34.00,0.97
95.00,44.66,21.31,7.54,6.77,6.54,63.00,9.00,1.00,6.00,4.00,2.00,0.48,4.00,40.00,38.00,0.95
95.00,47.74,21.38,6.40,6.46,6.56,64.00,9.00,1.00,7.00,4.00,2.00,0.45,4.00,53.00,50.00,0.94
10.00,31.56,15.39,9.94,8.63,5.72,55.00,5.00,1.00,8.00,4.00,1.00,0.49,2.00,0.00,0.00,0.00
10.00,32.28,16.05,8.65,6.34,5.65,53.00,5.00,1.00,6.00,2.00,1.00,0.50,2.00,10.00,10.00,1.00
10.00,29.79,15.89,8.25,5.21,5.64,66.00,4.00,1.00,6.00,2.00,1.00,0.53,2.00,12.00,12.00,1.00
10.00,35.10,17.70,8.23,5.31,5.25,55.00,5.00,1.00,8.00,4.00,2.00,0.50,2.00,28.00,27.00,0.96
10.00,39.25,20.27,11.19,6.81,7.62,57.00,6.00,1.00,7.00,4.00,2.00,0.52,3.00,45.00,44.00,0.98
41.00,41.22,20.61,8.03,6.95,7.11,65.00,6.00,2.00,4.00,2.00,2.00,0.50,4.00,34.00,33.00,0.97
41.00,45.92,24.19,8.68,7.90,7.73,74.00,6.00,2.00,4.00,2.00,3.00,0.53,4.00,34.00,32.00,0.94
41.00,43.98,21.11,8.57,6.69,6.94,74.00,6.00,2.00,4.00,2.00,2.00,0.48,4.00,37.00,35.00,0.95
41.00,40.83,20.94,8.57,6.19,5.88,84.00,5.00,1.00,6.00,4.00,2.00,0.51,4.00,40.00,37.00,0.93
41.00,45.08,23.67,10.07,6.98,7.23,88.00,5.00,1.00,6.00,4.00,3.00,0.53,4.00,49.00,44.00,0.90
9.00,50.43,21.54,10.45,8.27,6.72,67.00,12.00,1.00,7.00,4.00,1.00,0.43,3.00,31.00,30.00,0.97
9.00,59.60,26.04,9.74,9.64,7.40,74.00,15.00,2.00,5.00,4.00,1.00,0.44,3.00,38.00,36.00,0.95
9.00,55.02,26.18,12.07,7.96,7.65,75.00,10.00,1.00,7.00,4.00,1.00,0.48,3.00,43.00,38.00,0.88
9.00,56.18,23.91,12.25,7.05,7.31,79.00,11.00,1.00,8.00,6.00,1.00,0.43,3.00,45.00,42.00,0.93
9.00,62.96,26.61,10.59,9.62,7.25,73.00,11.00,1.00,7.00,4.00,1.00,0.42,3.00,48.00,37.00,0.77
80.00,59.83,23.90,9.27,9.54,8.01,84.00,9.00,1.00,7.00,4.00,2.00,0.40,4.00,36.00,33.00,0.92
80.00,50.53,21.61,9.20,8.31,7.18,69.00,9.00,1.00,6.00,4.00,2.00,0.43,3.00,38.00,35.00,0.92
80.00,56.59,25.03,9.60,9.60,8.16,80.00,10.00,1.00,6.00,4.00,2.00,0.44,3.00,43.00,41.00,0.95
80.00,63.57,25.56,9.80,10.81,8.73,76.00,11.00,1.00,7.00,4.00,2.00,0.40,3.00,46.00,44.00,0.96
80.00,59.74,25.49,9.10,9.89,8.20,84.00,10.00,1.00,7.00,4.00,2.00,0.43,4.00,48.00,48.00,1.00
22.00,43.76,21.20,7.89,6.34,6.10,63.00,6.00,1.00,6.00,4.00,1.00,0.48,4.00,24.00,20.00,0.83
22.00,44.24,20.89,9.48,7.31,6.26,56.00,10.00,1.00,5.00,2.00,1.00,0.47,4.00,29.00,24.00,0.83
22.00,36.46,18.73,8.45,7.40,6.08,49.00,5.00,1.00,7.00,4.00,1.00,0.51,4.00,29.00,17.00,0.59
22.00,41.02,19.89,9.13,7.22,6.63,52.00,8.00,1.00,6.00,4.00,1.00,0.48,4.00,31.00,28.00,0.90
22.00,46.29,21.26,8.57,8.00,6.76,70.00,6.00,1.00,6.00,4.00,2.00,0.46,4.00,38.00,30.00,0.79
21.00,37.36,19.83,8.03,5.78,5.89,64.00,14.00,1.00,7.00,4.00,2.00,0.53,3.00,16.00,11.00,0.69
21.00,42.93,21.78,9.59,6.61,6.46,67.00,10.00,1.00,7.00,4.00,2.00,0.51,2.00,27.00,20.00,0.74
21.00,44.91,22.02,7.57,7.01,7.20,69.00,10.00,1.00,7.00,4.00,2.00,0.49,2.00,28.00,20.00,0.71
21.00,44.94,23.56,7.88,7.29,6.49,73.00,11.00,1.00,7.00,4.00,2.00,0.52,3.00,30.00,24.00,0.80
21.00,44.62,21.58,8.02,7.33,7.41,60.00,10.00,1.00,7.00,6.00,2.00,0.48,3.00,33.00,24.00,0.73
57.00,52.82,26.17,7.86,8.51,8.08,73.00,10.00,1.00,6.00,4.00,1.00,0.50,4.00,37.00,20.00,0.54
57.00,46.98,23.89,7.53,7.78,7.53,70.00,10.00,1.00,6.00,2.00,1.00,0.51,4.00,43.00,37.00,0.86
57.00,45.54,22.62,8.70,7.46,8.35,76.00,7.00,1.00,6.00,2.00,1.00,0.50,4.00,46.00,34.00,0.74
57.00,51.47,24.84,9.93,8.32,8.28,75.00,10.00,1.00,7.00,6.00,1.00,0.48,4.00,46.00,30.00,0.65
57.00,53.51,25.77,9.63,8.46,9.25,79.00,9.00,1.00,6.00,2.00,1.00,0.48,4.00,48.00,30.00,0.63
63.00,49.81,21.46,6.51,7.91,7.15,72.00,7.00,1.00,5.00,2.00,2.00,0.43,2.00,24.00,18.00,0.75
63.00,52.99,21.52,5.18,8.65,8.48,75.00,7.00,1.00,7.00,6.00,2.00,0.41,4.00,27.00,20.00,0.74
63.00,58.88,24.89,6.50,9.14,8.73,64.00,6.00,1.00,7.00,6.00,2.00,0.42,2.00,28.00,15.00,0.54
63.00,51.95,21.46,6.72,7.45,7.17,79.00,6.00,2.00,5.00,4.00,2.00,0.41,3.00,31.00,25.00,0.81
63.00,50.61,21.91,6.65,7.83,7.47,86.00,8.00,2.00,5.00,4.00,2.00,0.43,4.00,34.00,23.00,0.68
49.00,47.84,21.98,9.61,7.55,6.86,67.00,13.00,1.00,7.00,4.00,2.00,0.46,3.00,11.00,11.00,1.00
95.00,43.55,19.12,8.52,7.15,6.36,65.00,9.00,1.00,6.00,4.00,2.00,0.44,4.00,15.00,12.00,0.80
49.00,44.57,20.41,8.53,7.43,6.84,62.00,9.00,1.00,6.00,4.00,2.00,0.46,4.00,18.00,17.00,0.94
49.00,47.14,22.38,7.69,7.41,7.37,62.00,12.00,1.00,7.00,4.00,2.00,0.47,3.00,27.00,26.00,0.96
49.00,51.33,23.91,8.14,6.92,6.84,74.00,7.00,1.00,7.00,4.00,2.00,0.47,4.00,40.00,38.00,0.95
49.00,46.35,23.90,10.47,8.13,7.26,58.00,10.00,1.00,7.00,6.00,3.00,0.52,3.00,38.00,29.00,0.76
49.00,46.41,24.07,8.10,8.04,7.23,59.00,11.00,2.00,6.00,6.00,3.00,0.52,4.00,42.00,29.00,0.69
49.00,47.61,21.27,9.13,8.31,6.86,56.00,9.00,1.00,6.00,2.00,3.00,0.45,4.00,45.00,35.00,0.78
49.00,47.73,21.98,9.09,8.56,6.29,68.00,9.00,1.00,8.00,4.00,2.00,0.46,4.00,52.00,38.00,0.73
49.00,58.02,28.96,13.49,8.71,8.73,82.00,6.00,1.00,7.00,6.00,4.00,0.50,4.00,69.00,46.00,0.67
13.00,43.06,18.92,9.06,7.33,8.42,60.00,6.00,1.00,8.00,4.00,1.00,0.44,3.00,20.00,16.00,0.80
13.00,48.48,21.10,10.21,6.77,6.91,62.00,6.00,1.00,8.00,4.00,2.00,0.44,4.00,31.00,24.00,0.77
13.00,41.61,19.01,9.62,6.50,8.02,63.00,6.00,1.00,6.00,4.00,1.00,0.46,4.00,33.00,30.00,0.91
13.00,55.61,23.20,9.03,7.69,7.51,59.00,7.00,1.00,6.00,4.00,2.00,0.42,4.00,34.00,30.00,0.88
13.00,53.32,23.70,9.10,7.64,7.74,63.00,5.00,1.00,7.00,4.00,2.00,0.44,4.00,35.00,28.00,0.80
19.00,31.30,20.11,9.47,7.09,6.65,54.00,8.00,1.00,7.00,4.00,1.00,0.64,3.00,14.00,12.00,0.86
19.00,38.32,20.06,12.53,6.60,7.46,67.00,10.00,1.00,6.00,4.00,1.00,0.52,3.00,27.00,18.00,0.67
19.00,39.54,20.74,9.05,7.32,7.20,69.00,10.00,1.00,6.00,4.00,1.00,0.52,3.00,32.00,25.00,0.78
19.00,42.41,21.87,12.12,6.73,7.07,68.00,14.00,1.00,6.00,4.00,1.00,0.52,3.00,37.00,24.00,0.65
19.00,43.77,23.02,9.22,7.81,7.64,67.00,9.00,1.00,6.00,4.00,1.00,0.53,3.00,38.00,29.00,0.76
43.00,45.56,23.09,9.36,8.30,7.69,72.00,11.00,1.00,6.00,4.00,2.00,0.51,2.00,25.00,23.00,0.92
43.00,37.58,20.77,9.96,6.10,6.58,81.00,9.00,1.00,6.00,4.00,2.00,0.55,3.00,26.00,21.00,0.81
43.00,47.60,23.08,7.38,7.97,8.27,66.00,11.00,1.00,6.00,4.00,2.00,0.48,3.00,36.00,28.00,0.78
43.00,47.78,25.72,11.76,8.47,8.18,85.00,9.00,1.00,6.00,4.00,2.00,0.54,2.00,37.00,34.00,0.92
43.00,53.40,26.14,10.04,9.52,8.82,77.00,8.00,1.00,6.00,4.00,2.00,0.49,3.00,41.00,37.00,0.90
52.00,41.40,23.75,7.25,9.03,9.58,63.00,7.00,2.00,4.00,2.00,1.00,0.57,4.00,0.00,0.00,0.00
52.00,33.50,17.77,7.17,6.67,7.33,51.00,11.00,1.00,6.00,4.00,1.00,0.53,4.00,21.00,19.00,0.90
52.00,35.45,20.36,8.33,7.69,7.51,62.00,10.00,1.00,8.00,4.00,1.00,0.57,4.00,27.00,24.00,0.89
52.00,36.48,19.61,7.27,7.41,7.61,59.00,6.00,1.00,7.00,4.00,1.00,0.54,4.00,34.00,28.00,0.82
52.00,38.35,21.88,8.22,7.78,7.77,62.00,7.00,1.00,8.00,2.00,1.00,0.57,4.00,35.00,34.00,0.97
34.00,51.67,24.61,11.58,7.56,8.65,76.00,6.00,1.00,7.00,4.00,3.00,0.48,3.00,41.00,39.00,0.95
34.00,51.08,24.72,12.03,7.42,6.92,70.00,7.00,1.00,7.00,4.00,3.00,0.48,3.00,42.00,39.00,0.93
34.00,55.81,24.41,9.40,7.32,7.57,74.00,7.00,1.00,7.00,4.00,3.00,0.44,3.00,46.00,43.00,0.93
34.00,46.97,23.63,10.59,7.10,7.24,72.00,6.00,1.00,8.00,6.00,2.00,0.50,4.00,49.00,46.00,0.94
34.00,59.81,28.05,12.27,7.09,8.10,84.00,6.00,1.00,8.00,6.00,3.00,0.47,3.00,64.00,56.00,0.88
46.00,48.87,21.67,9.58,5.25,7.36,71.00,6.00,1.00,7.00,4.00,3.00,0.44,1.00,0.00,0.00,0.00
46.00,49.44,21.46,7.43,7.28,6.88,62.00,9.00,1.00,6.00,4.00,3.00,0.43,2.00,22.00,18.00,0.82
46.00,53.88,23.33,8.93,7.37,8.37,64.00,7.00,1.00,7.00,4.00,3.00,0.43,3.00,39.00,38.00,0.97
46.00,51.88,24.72,8.38,7.01,7.26,79.00,7.00,1.00,6.00,4.00,3.00,0.48,4.00,45.00,40.00,0.89
46.00,54.87,25.84,8.27,8.64,8.27,82.00,6.00,1.00,6.00,4.00,3.00,0.47,4.00,47.00,41.00,0.87
24.00,32.86,18.89,9.85,6.87,5.51,48.00,14.00,1.00,7.00,4.00,3.00,0.57,3.00,21.00,18.00,0.86
24.00,37.68,20.62,9.24,6.91,7.52,66.00,9.00,1.00,8.00,4.00,3.00,0.55,3.00,23.00,20.00,0.87
24.00,33.74,19.87,9.46,7.12,6.47,62.00,12.00,1.00,6.00,4.00,3.00,0.59,3.00,25.00,18.00,0.72
24.00,41.22,22.54,8.14,7.21,8.07,63.00,8.00,1.00,6.00,2.00,3.00,0.55,4.00,30.00,27.00,0.90
24.00,43.36,22.56,8.95,7.16,7.32,58.00,9.00,1.00,8.00,4.00,3.00,0.52,3.00,39.00,31.00,0.79
34.00,41.64,19.48,10.65,7.73,7.19,64.00,6.00,1.00,6.00,4.00,3.00,0.47,2.00,0.00,0.00,0.00
34.00,36.52,20.54,7.69,7.61,7.36,52.00,4.00,1.00,6.00,4.00,3.00,0.56,1.00,0.00,0.00,0.00
34.00,46.76,23.09,9.68,8.87,8.07,60.00,8.00,1.00,8.00,6.00,3.00,0.49,1.00,0.00,0.00,0.00
34.00,44.74,23.88,9.85,7.81,6.72,65.00,15.00,1.00,8.00,6.00,3.00,0.53,2.00,0.00,0.00,0.00
34.00,48.35,23.63,8.84,8.71,8.55,68.00,7.00,1.00,7.00,4.00,3.00,0.49,2.00,26.00,21.00,0.81
10.00,46.04,21.53,7.09,6.72,8.04,66.00,6.00,1.00,6.00,4.00,3.00,0.47,2.00,29.00,28.00,0.97
10.00,53.13,24.41,7.31,8.00,7.98,71.00,9.00,1.00,7.00,4.00,3.00,0.46,4.00,35.00,33.00,0.94
10.00,48.02,23.75,8.96,7.42,7.16,70.00,7.00,1.00,5.00,2.00,3.00,0.49,4.00,36.00,34.00,0.94
10.00,51.59,24.61,8.31,7.69,7.79,74.00,7.00,1.00,7.00,4.00,3.00,0.48,3.00,39.00,37.00,0.95
10.00,52.19,25.10,8.61,7.69,6.95,67.00,7.00,1.00,7.00,4.00,3.00,0.48,3.00,39.00,37.00,0.95
48.00,53.71,24.96,9.75,9.45,9.09,62.00,10.00,1.00,7.00,6.00,3.00,0.46,3.00,33.00,31.00,0.94
48.00,49.45,22.56,9.94,7.08,7.04,59.00,10.00,1.00,7.00,6.00,3.00,0.46,2.00,35.00,34.00,0.97
48.00,49.99,22.20,10.37,8.88,8.39,58.00,9.00,1.00,7.00,4.00,3.00,0.44,4.00,36.00,34.00,0.94
48.00,49.22,22.84,8.42,8.60,8.06,60.00,10.00,1.00,7.00,4.00,3.00,0.46,3.00,36.00,35.00,0.97
48.00,58.60,25.57,8.16,9.35,9.01,58.00,12.00,1.00,7.00,4.00,3.00,0.44,3.00,45.00,44.00,0.98
14.00,42.66,18.59,9.36,7.63,7.81,56.00,13.00,1.00,7.00,4.00,2.00,0.44,3.00,11.00,11.00,1.00
14.00,46.99,22.00,8.71,9.40,8.38,62.00,10.00,1.00,7.00,4.00,2.00,0.47,3.00,18.00,14.00,0.78
14.00,45.21,22.13,10.00,7.25,8.15,65.00,14.00,1.00,7.00,4.00,2.00,0.49,4.00,22.00,20.00,0.91
14.00,48.02,22.85,9.23,8.38,9.15,61.00,7.00,1.00,6.00,4.00,2.00,0.48,4.00,24.00,22.00,0.92
14.00,49.52,24.92,9.24,8.58,10.13,62.00,11.00,1.00,6.00,4.00,2.00,0.50,4.00,35.00,30.00,0.86
59.00,42.72,23.43,8.37,8.67,7.95,70.00,5.00,1.00,6.00,4.00,1.00,0.55,4.00,20.00,18.00,0.90
59.00,41.53,22.35,9.15,6.63,6.98,74.00,4.00,1.00,6.00,4.00,1.00,0.54,3.00,37.00,34.00,0.92
59.00,43.37,25.23,9.38,7.87,7.83,79.00,6.00,1.00,6.00,4.00,2.00,0.58,3.00,43.00,39.00,0.91
59.00,49.67,24.46,8.35,8.20,6.66,77.00,5.00,1.00,6.00,4.00,2.00,0.49,4.00,45.00,40.00,0.89
59.00,47.44,25.17,9.59,7.55,7.33,82.00,5.00,1.00,6.00,4.00,2.00,0.53,4.00,45.00,39.00,0.87
46.00,38.50,18.85,9.48,5.25,5.93,67.00,15.00,1.00,5.00,2.00,2.00,0.49,2.00,23.00,21.00,0.91
46.00,36.37,18.47,8.85,5.73,6.26,64.00,11.00,1.00,6.00,4.00,2.00,0.51,3.00,28.00,23.00,0.82
46.00,51.97,25.12,10.63,6.20,7.03,87.00,8.00,1.00,6.00,4.00,3.00,0.48,3.00,38.00,35.00,0.92
46.00,45.03,21.49,10.97,5.94,6.59,80.00,5.00,1.00,6.00,2.00,2.00,0.48,4.00,39.00,35.00,0.90
46.00,53.25,25.20,10.52,7.95,7.17,93.00,6.00,1.00,6.00,4.00,3.00,0.47,3.00,44.00,41.00,0.93
6.00,39.90,19.37,8.36,6.82,6.97,59.00,16.00,1.00,7.00,6.00,3.00,0.49,2.00,11.00,10.00,0.91
6.00,49.43,24.17,8.38,8.09,7.69,80.00,9.00,1.00,7.00,6.00,3.00,0.49,2.00,14.00,14.00,1.00
6.00,48.03,23.06,8.14,7.48,7.68,82.00,11.00,1.00,7.00,6.00,3.00,0.48,2.00,17.00,11.00,0.65
6.00,49.51,24.15,10.90,7.97,7.38,82.00,12.00,1.00,7.00,6.00,3.00,0.49,2.00,22.00,22.00,1.00
23.00,38.98,19.95,8.60,7.10,7.28,61.00,15.00,1.00,7.00,4.00,3.00,0.51,2.00,5.00,5.00,1.00
23.00,43.91,20.72,8.32,8.48,6.93,63.00,6.00,1.00,5.00,2.00,4.00,0.47,3.00,22.00,18.00,0.82
23.00,39.68,18.79,7.86,7.74,8.25,65.00,9.00,1.00,6.00,4.00,3.00,0.47,4.00,23.00,22.00,0.96
23.00,46.50,19.48,7.45,8.28,7.83,60.00,4.00,1.00,7.00,4.00,4.00,0.42,3.00,24.00,23.00,0.96
23.00,44.91,20.59,7.66,7.28,7.02,60.00,5.00,1.00,5.00,2.00,4.00,0.46,3.00,26.00,23.00,0.88
66.00,52.12,27.62,12.27,9.48,9.77,67.00,9.00,2.00,6.00,6.00,3.00,0.53,4.00,30.00,21.00,0.70
66.00,58.43,27.66,12.38,9.34,9.42,73.00,11.00,1.00,6.00,2.00,3.00,0.47,3.00,38.00,33.00,0.87
66.00,60.42,29.07,11.72,10.31,9.05,76.00,10.00,2.00,5.00,4.00,3.00,0.48,4.00,43.00,28.00,0.65
66.00,61.74,30.28,16.27,10.43,10.74,79.00,10.00,1.00,6.00,2.00,3.00,0.49,3.00,45.00,30.00,0.67
66.00,64.51,31.34,14.29,11.61,10.79,69.00,10.00,1.00,6.00,4.00,3.00,0.49,3.00,53.00,31.00,0.58
139.00,51.38,25.25,10.40,7.55,8.10,72.00,9.00,1.00,7.00,4.00,4.00,0.49,3.00,27.00,26.00,0.96
139.00,49.64,25.26,13.63,8.79,8.45,80.00,11.00,1.00,7.00,4.00,4.00,0.51,3.00,27.00,25.00,0.93
139.00,53.13,29.53,12.34,8.92,9.26,80.00,10.00,1.00,7.00,4.00,4.00,0.56,4.00,27.00,25.00,0.93
139.00,51.67,26.03,11.71,8.45,7.90,79.00,13.00,1.00,7.00,4.00,4.00,0.50,3.00,29.00,29.00,1.00
139.00,52.32,27.31,12.15,8.41,7.94,80.00,11.00,1.00,7.00,4.00,4.00,0.52,3.00,35.00,34.00,0.97
20.00,44.26,20.61,8.32,6.86,5.95,72.00,8.00,1.00,6.00,4.00,3.00,0.47,2.00,13.00,11.00,0.85
20.00,45.84,20.25,7.85,7.22,6.49,64.00,8.00,1.00,6.00,4.00,2.00,0.44,2.00,21.00,18.00,0.86
20.00,45.29,20.39,8.32,6.52,5.58,72.00,14.00,1.00,6.00,4.00,2.00,0.45,2.00,24.00,20.00,0.83
20.00,47.21,22.78,7.64,6.66,6.70,74.00,8.00,1.00,5.00,2.00,3.00,0.48,2.00,25.00,21.00,0.84
20.00,48.57,20.79,10.00,8.11,6.44,80.00,7.00,1.00,5.00,2.00,3.00,0.43,2.00,31.00,27.00,0.87
57.00,36.46,19.23,7.14,7.38,7.08,61.00,5.00,2.00,5.00,4.00,1.00,0.53,4.00,19.00,18.00,0.95
57.00,32.68,16.42,4.82,6.67,5.65,59.00,6.00,1.00,6.00,4.00,1.00,0.50,3.00,20.00,19.00,0.95
57.00,39.90,19.99,6.79,7.19,6.78,67.00,6.00,2.00,6.00,6.00,1.00,0.50,4.00,24.00,21.00,0.88
57.00,38.21,19.18,6.04,6.61,6.29,65.00,6.00,2.00,5.00,4.00,1.00,0.50,3.00,26.00,23.00,0.88
57.00,38.50,19.42,7.02,7.26,6.39,65.00,7.00,1.00,5.00,2.00,1.00,0.50,4.00,30.00,26.00,0.87
77.00,42.08,26.18,8.49,7.53,6.04,80.00,21.00,1.00,6.00,4.00,2.00,0.62,4.00,19.00,14.00,0.74
77.00,48.11,26.91,10.06,8.02,6.67,92.00,12.00,1.00,7.00,4.00,2.00,0.56,4.00,25.00,18.00,0.72
77.00,47.86,27.15,12.19,9.00,7.48,83.00,18.00,1.00,6.00,4.00,2.00,0.57,4.00,30.00,9.00,0.30
77.00,46.41,24.54,10.70,8.27,7.75,80.00,11.00,1.00,6.00,4.00,2.00,0.53,4.00,38.00,16.00,0.42
77.00,50.00,27.17,7.36,9.10,8.52,83.00,8.00,1.00,7.00,6.00,2.00,0.54,4.00,42.00,24.00,0.57
52.00,49.13,21.53,10.42,7.45,7.39,84.00,10.00,1.00,6.00,4.00,3.00,0.44,3.00,36.00,33.00,0.92
52.00,56.82,24.63,8.54,8.67,8.50,84.00,10.00,1.00,7.00,4.00,3.00,0.43,2.00,43.00,39.00,0.91
52.00,55.68,23.87,10.91,8.45,7.02,81.00,8.00,1.00,7.00,4.00,3.00,0.43,3.00,44.00,35.00,0.80
52.00,51.73,24.45,9.56,8.74,8.08,84.00,10.00,1.00,7.00,4.00,3.00,0.47,4.00,49.00,47.00,0.96
52.00,58.98,26.22,10.16,8.58,8.30,87.00,8.00,1.00,7.00,4.00,3.00,0.44,3.00,52.00,45.00,0.87
40.00,49.43,22.41,7.70,9.72,9.38,60.00,11.00,1.00,6.00,4.00,2.00,0.45,1.00,0.00,0.00,0.00
40.00,43.91,21.92,8.50,6.82,6.85,71.00,10.00,1.00,6.00,4.00,2.00,0.50,1.00,0.00,0.00,0.00
40.00,40.94,21.02,9.66,8.79,8.13,55.00,10.00,1.00,6.00,4.00,2.00,0.51,1.00,0.00,0.00,0.00
40.00,44.36,23.11,8.42,8.91,8.42,72.00,11.00,1.00,6.00,4.00,2.00,0.52,1.00,0.00,0.00,0.00
40.00,46.82,23.11,10.41,7.99,7.33,70.00,11.00,1.00,7.00,4.00,2.00,0.49,1.00,0.00,0.00,0.00
103.00,44.01,22.07,11.62,6.47,7.47,72.00,10.00,1.00,8.00,4.00,2.00,0.50,3.00,25.00,17.00,0.68
103.00,39.77,19.88,12.49,6.97,6.42,74.00,8.00,1.00,8.00,2.00,2.00,0.50,2.00,30.00,28.00,0.93
103.00,42.41,21.10,11.44,6.90,7.22,72.00,12.00,1.00,8.00,4.00,2.00,0.50,2.00,30.00,29.00,0.97
103.00,45.54,20.93,12.54,6.01,7.99,76.00,15.00,1.00,8.00,4.00,2.00,0.46,3.00,35.00,35.00,1.00
103.00,48.81,22.87,12.94,7.58,7.84,71.00,15.00,1.00,8.00,6.00,2.00,0.47,4.00,41.00,28.00,0.68
65.00,32.11,17.52,8.72,5.52,5.22,58.00,8.00,1.00,6.00,4.00,2.00,0.55,2.00,0.00,0.00,0.00
65.00,32.14,17.54,8.28,5.63,5.09,61.00,9.00,1.00,7.00,4.00,2.00,0.55,3.00,13.00,13.00,1.00
65.00,33.39,18.25,9.45,7.03,6.00,52.00,12.00,1.00,6.00,4.00,2.00,0.55,2.00,15.00,12.00,0.80
65.00,35.54,18.33,8.14,6.28,5.11,62.00,11.00,1.00,6.00,4.00,2.00,0.52,3.00,20.00,18.00,0.90
65.00,39.13,19.61,10.44,5.69,5.48,78.00,7.00,1.00,7.00,4.00,2.00,0.50,3.00,23.00,18.00,0.78
52.00,52.11,20.97,11.07,9.27,9.76,52.00,10.00,1.00,6.00,4.00,1.00,0.40,2.00,8.00,8.00,1.00
52.00,61.57,22.79,10.18,10.17,11.31,56.00,8.00,1.00,6.00,4.00,1.00,0.37,4.00,20.00,19.00,0.95
52.00,56.16,24.28,14.40,9.61,9.12,69.00,11.00,1.00,6.00,4.00,1.00,0.43,4.00,31.00,28.00,0.90
52.00,66.74,26.67,13.75,10.72,9.93,74.00,7.00,1.00,6.00,4.00,1.00,0.40,4.00,36.00,31.00,0.86
52.00,62.58,23.76,13.12,8.09,8.92,68.00,10.00,1.00,6.00,4.00,1.00,0.38,4.00,37.00,35.00,0.95
96.00,50.89,23.67,8.40,7.93,7.79,66.00,9.00,1.00,7.00,4.00,4.00,0.47,4.00,29.00,26.00,0.90
96.00,53.79,26.84,7.92,7.45,8.54,65.00,6.00,1.00,5.00,2.00,4.00,0.50,4.00,31.00,26.00,0.84
96.00,51.51,25.50,8.86,8.57,9.17,67.00,7.00,1.00,6.00,2.00,4.00,0.50,4.00,32.00,29.00,0.91
96.00,63.49,32.67,8.09,8.74,9.28,86.00,8.00,1.00,7.00,6.00,4.00,0.51,4.00,48.00,38.00,0.79
96.00,58.25,29.64,10.10,7.62,8.93,79.00,8.00,1.00,7.00,6.00,4.00,0.51,4.00,51.00,41.00,0.80
29.00,44.20,21.03,10.62,8.28,8.77,62.00,10.00,1.00,6.00,4.00,2.00,0.48,2.00,16.00,13.00,0.81
29.00,49.55,23.72,9.18,9.96,9.34,65.00,8.00,1.00,5.00,2.00,3.00,0.48,2.00,17.00,14.00,0.82
29.00,45.99,22.70,11.07,8.17,8.56,67.00,9.00,1.00,7.00,4.00,2.00,0.49,2.00,20.00,16.00,0.80
29.00,44.61,21.68,11.81,8.36,7.24,65.00,8.00,1.00,7.00,4.00,2.00,0.49,2.00,25.00,22.00,0.88
29.00,47.66,22.89,13.03,9.69,9.12,65.00,13.00,1.00,7.00,4.00,3.00,0.48,2.00,31.00,28.00,0.90
22.00,37.48,20.14,10.60,6.68,7.31,74.00,15.00,1.00,6.00,4.00,3.00,0.54,4.00,33.00,30.00,0.91
22.00,44.07,23.25,10.21,6.35,7.80,76.00,12.00,1.00,7.00,4.00,3.00,0.53,4.00,33.00,28.00,0.85
22.00,36.85,19.92,9.22,5.58,6.59,61.00,14.00,1.00,7.00,4.00,3.00,0.54,4.00,33.00,31.00,0.94
22.00,46.38,23.38,12.46,6.73,7.57,77.00,12.00,1.00,7.00,4.00,3.00,0.50,4.00,35.00,30.00,0.86
22.00,40.97,20.78,8.60,6.83,7.16,61.00,11.00,1.00,6.00,4.00,3.00,0.51,4.00,37.00,32.00,0.86
19.00,51.06,19.34,8.04,7.77,7.75,62.00,7.00,1.00,8.00,4.00,1.00,0.38,4.00,23.00,21.00,0.91
19.00,50.85,19.87,9.43,7.14,8.31,64.00,10.00,1.00,7.00,4.00,1.00,0.39,4.00,33.00,25.00,0.76
19.00,55.42,23.92,10.66,8.75,9.05,70.00,10.00,1.00,8.00,6.00,1.00,0.43,4.00,35.00,32.00,0.91
19.00,53.82,21.95,11.22,6.47,7.59,71.00,9.00,1.00,8.00,4.00,1.00,0.41,4.00,36.00,34.00,0.94
19.00,57.42,22.92,10.03,8.59,8.55,66.00,10.00,1.00,8.00,4.00,1.00,0.40,4.00,42.00,41.00,0.98
68.00,49.71,26.46,8.00,10.37,7.42,70.00,14.00,2.00,6.00,4.00,2.00,0.53,3.00,35.00,34.00,0.97
68.00,54.08,28.15,9.15,10.80,9.37,67.00,9.00,1.00,6.00,4.00,2.00,0.52,4.00,36.00,32.00,0.89
68.00,54.77,28.78,10.10,9.34,8.22,70.00,10.00,1.00,8.00,4.00,2.00,0.53,4.00,36.00,31.00,0.86
68.00,54.56,29.88,8.38,10.52,9.19,72.00,6.00,1.00,7.00,4.00,2.00,0.55,4.00,40.00,37.00,0.93
68.00,54.57,29.12,7.70,9.55,8.57,80.00,10.00,1.00,6.00,6.00,2.00,0.53,4.00,58.00,53.00,0.91
4.00,51.27,24.97,6.90,7.14,6.76,76.00,16.00,1.00,6.00,4.00,3.00,0.49,4.00,35.00,32.00,0.91
4.00,50.07,25.22,8.79,7.80,6.86,78.00,8.00,1.00,6.00,4.00,3.00,0.50,4.00,38.00,36.00,0.95
4.00,51.61,25.21,8.12,6.79,6.52,83.00,7.00,1.00,6.00,4.00,3.00,0.49,4.00,43.00,40.00,0.93
4.00,56.41,26.97,8.37,7.54,6.62,83.00,8.00,1.00,6.00,4.00,3.00,0.48,4.00,47.00,45.00,0.96
16.00,48.96,21.34,7.88,7.13,6.61,74.00,6.00,1.00,7.00,2.00,3.00,0.44,4.00,28.00,27.00,0.96
16.00,49.34,22.50,8.77,7.13,7.07,88.00,6.00,1.00,6.00,2.00,2.00,0.46,4.00,39.00,35.00,0.90
16.00,48.12,23.35,8.72,6.26,6.17,82.00,7.00,1.00,6.00,2.00,3.00,0.49,4.00,41.00,31.00,0.76
16.00,43.31,20.58,8.26,6.00,5.73,88.00,7.00,1.00,7.00,2.00,3.00,0.48,4.00,44.00,33.00,0.75
16.00,48.72,22.33,8.73,6.68,5.97,83.00,8.00,1.00,7.00,4.00,3.00,0.46,4.00,45.00,40.00,0.89
47.00,56.88,26.76,8.96,8.91,8.03,72.00,9.00,2.00,5.00,6.00,2.00,0.47,4.00,33.00,33.00,1.00
47.00,59.49,27.83,10.86,9.17,8.62,73.00,7.00,1.00,7.00,4.00,2.00,0.47,3.00,34.00,32.00,0.94
47.00,59.47,27.33,12.26,8.45,7.95,87.00,10.00,1.00,6.00,4.00,2.00,0.46,4.00,35.00,33.00,0.94
47.00,45.67,20.83,9.18,7.03,6.51,75.00,7.00,1.00,6.00,4.00,2.00,0.46,3.00,36.00,32.00,0.89
47.00,61.77,27.94,11.60,8.89,7.84,85.00,9.00,1.00,6.00,4.00,2.00,0.45,4.00,46.00,43.00,0.93
86.00,52.96,24.21,10.97,8.46,9.28,66.00,10.00,1.00,5.00,2.00,2.00,0.46,2.00,2.00,1.00,0.50
86.00,51.75,27.07,11.48,7.77,9.32,68.00,8.00,1.00,8.00,4.00,2.00,0.52,2.00,8.00,4.00,0.50
86.00,65.15,30.53,10.36,10.07,9.94,65.00,14.00,2.00,6.00,6.00,2.00,0.47,4.00,39.00,30.00,0.77
86.00,70.04,31.82,11.55,10.67,11.27,80.00,12.00,1.00,7.00,4.00,2.00,0.45,4.00,42.00,36.00,0.86
86.00,69.47,31.11,11.27,9.88,12.11,75.00,10.00,2.00,6.00,6.00,2.00,0.45,4.00,44.00,42.00,0.95
24.00,35.78,18.54,9.25,5.73,6.29,48.00,9.00,1.00,6.00,4.00,2.00,0.52,4.00,24.00,22.00,0.92
24.00,36.85,19.52,8.74,8.05,7.25,50.00,9.00,1.00,7.00,4.00,2.00,0.53,3.00,25.00,23.00,0.92
24.00,42.12,21.53,10.64,8.44,7.23,61.00,9.00,1.00,7.00,4.00,2.00,0.51,4.00,27.00,27.00,1.00
24.00,39.13,22.68,12.97,8.09,7.83,66.00,7.00,1.00,7.00,4.00,2.00,0.58,4.00,30.00,30.00,1.00
24.00,35.83,19.10,9.31,8.13,7.61,50.00,9.00,1.00,8.00,4.00,2.00,0.53,4.00,31.00,31.00,1.00
69.00,33.42,18.48,8.80,7.43,6.98,52.00,8.00,1.00,8.00,4.00,1.00,0.55,3.00,23.00,19.00,0.83
69.00,41.72,21.55,11.23,7.37,7.71,64.00,12.00,1.00,7.00,4.00,2.00,0.52,3.00,24.00,22.00,0.92
69.00,40.22,22.02,10.10,7.28,8.25,65.00,10.00,1.00,7.00,4.00,2.00,0.55,4.00,28.00,23.00,0.82
69.00,37.03,20.26,9.48,6.73,8.03,58.00,9.00,1.00,8.00,4.00,1.00,0.55,4.00,28.00,25.00,0.89
69.00,42.70,21.28,10.87,8.23,7.90,60.00,8.00,1.00,7.00,4.00,2.00,0.50,3.00,34.00,28.00,0.82
32.00,43.73,20.92,9.46,6.68,6.66,78.00,8.00,1.00,7.00,4.00,2.00,0.48,2.00,16.00,10.00,0.63
32.00,44.72,20.33,10.25,7.73,6.74,75.00,12.00,1.00,7.00,4.00,2.00,0.45,2.00,20.00,16.00,0.80
32.00,49.66,21.87,10.46,6.92,7.65,76.00,9.00,1.00,7.00,4.00,2.00,0.44,3.00,31.00,23.00,0.74
32.00,53.96,23.76,11.57,7.39,7.20,97.00,10.00,1.00,7.00,4.00,2.00,0.44,3.00,40.00,36.00,0.90
32.00,48.65,21.94,9.87,6.34,6.52,84.00,9.00,1.00,7.00,4.00,2.00,0.45,3.00,46.00,41.00,0.89
47.00,46.94,21.62,6.80,10.10,8.25,59.00,8.00,1.00,6.00,4.00,1.00,0.46,4.00,23.00,19.00,0.83
47.00,50.14,24.80,9.03,8.95,8.44,65.00,13.00,1.00,6.00,4.00,1.00,0.49,2.00,26.00,17.00,0.65
47.00,44.48,22.22,7.77,9.54,8.01,56.00,11.00,1.00,6.00,4.00,1.00,0.50,4.00,30.00,26.00,0.87
47.00,49.17,22.26,6.82,10.00,8.89,72.00,9.00,1.00,7.00,4.00,1.00,0.45,4.00,31.00,23.00,0.74
47.00,48.23,22.42,7.74,9.60,8.31,62.00,11.00,1.00,7.00,4.00,1.00,0.46,54.00,35.00,24.00,0.69
30.00,33.19,17.38,9.39,6.90,6.19,63.00,11.00,1.00,5.00,2.00,2.00,0.52,1.00,0.00,0.00,0.00
30.00,37.87,20.86,8.38,7.26,7.12,57.00,14.00,1.00,6.00,4.00,3.00,0.55,2.00,15.00,13.00,0.87
30.00,35.79,20.50,8.07,7.22,7.24,56.00,14.00,1.00,6.00,4.00,2.00,0.57,2.00,17.00,16.00,0.94
30.00,35.40,20.51,6.50,7.15,6.50,64.00,10.00,1.00,6.00,4.00,3.00,0.58,2.00,20.00,18.00,0.90
30.00,40.77,21.39,8.44,7.52,6.21,69.00,12.00,1.00,6.00,4.00,3.00,0.52,3.00,26.00,23.00,0.88
10.00,52.88,22.79,10.27,7.78,7.59,77.00,9.00,1.00,6.00,4.00,2.00,0.43,1.00,0.00,0.00,0.00
10.00,56.14,24.25,7.86,8.35,7.18,80.00,7.00,1.00,7.00,4.00,2.00,0.43,4.00,36.00,32.00,0.89
10.00,56.81,25.09,8.20,8.94,7.72,81.00,8.00,1.00,7.00,4.00,2.00,0.44,4.00,39.00,38.00,0.97
10.00,54.94,25.18,9.15,8.60,7.77,76.00,14.00,1.00,7.00,4.00,2.00,0.46,4.00,45.00,43.00,0.96
10.00,49.44,23.43,10.81,8.24,7.10,70.00,16.00,1.00,7.00,4.00,2.00,0.47,4.00,46.00,43.00,0.93
49.00,45.67,24.76,11.16,6.78,7.30,90.00,8.00,1.00,6.00,4.00,2.00,0.54,3.00,38.00,31.00,0.82
49.00,42.55,22.12,8.11,6.90,6.93,80.00,7.00,1.00,6.00,2.00,1.00,0.52,3.00,41.00,31.00,0.76
49.00,40.12,22.35,8.86,6.71,7.34,78.00,7.00,1.00,6.00,4.00,1.00,0.56,3.00,44.00,35.00,0.80
49.00,42.11,24.29,9.27,6.80,7.52,85.00,9.00,1.00,6.00,4.00,2.00,0.58,4.00,44.00,39.00,0.89
49.00,44.29,25.39,9.35,7.00,7.28,88.00,9.00,1.00,6.00,4.00,2.00,0.57,3.00,56.00,50.00,0.89
19.00,51.84,25.17,8.51,8.31,7.65,76.00,7.00,1.00,8.00,4.00,1.00,0.49,2.00,0.00,0.00,0.00
19.00,51.92,24.19,7.24,7.85,7.22,78.00,8.00,1.00,8.00,4.00,1.00,0.47,2.00,21.00,11.00,0.52
19.00,43.38,21.86,8.14,6.49,6.08,72.00,9.00,1.00,8.00,4.00,1.00,0.50,2.00,22.00,15.00,0.68
19.00,53.94,26.15,6.92,8.14,7.38,74.00,9.00,1.00,8.00,4.00,1.00,0.48,2.00,25.00,14.00,0.56
19.00,50.75,24.04,8.56,7.44,7.62,77.00,7.00,1.00,8.00,4.00,1.00,0.47,2.00,29.00,18.00,0.62
56.00,42.03,19.74,9.12,5.20,5.37,82.00,5.00,1.00,8.00,4.00,3.00,0.47,1.00,0.00,0.00,0.00
56.00,40.53,18.91,8.27,5.15,4.89,75.00,5.00,1.00,8.00,4.00,3.00,0.47,2.00,14.00,13.00,0.93
56.00,44.25,21.17,7.48,5.93,5.60,80.00,8.00,1.00,7.00,4.00,4.00,0.48,3.00,27.00,23.00,0.85
56.00,37.46,19.12,8.96,5.93,5.43,84.00,9.00,1.00,7.00,4.00,3.00,0.51,2.00,28.00,10.00,0.36
56.00,41.97,20.57,9.66,5.60,5.71,79.00,8.00,1.00,8.00,6.00,4.00,0.49,4.00,30.00,26.00,0.87
8.00,42.98,18.87,10.87,6.79,6.43,64.00,8.00,1.00,7.00,4.00,2.00,0.44,1.00,0.00,0.00,0.00
8.00,49.87,21.11,9.58,7.96,6.52,80.00,8.00,1.00,7.00,4.00,2.00,0.42,4.00,24.00,11.00,0.46
8.00,51.20,22.79,7.62,7.27,6.61,77.00,12.00,1.00,6.00,6.00,3.00,0.45,4.00,26.00,14.00,0.54
8.00,60.33,25.00,8.82,10.14,7.98,87.00,14.00,1.00,8.00,6.00,3.00,0.41,4.00,36.00,20.00,0.56
7.00,40.16,19.83,8.26,7.35,8.46,52.00,7.00,1.00,6.00,4.00,1.00,0.49,3.00,21.00,14.00,0.67
7.00,40.77,21.83,9.18,8.35,8.28,54.00,9.00,1.00,7.00,4.00,2.00,0.54,3.00,24.00,16.00,0.67
7.00,38.87,19.89,7.88,6.95,8.77,51.00,6.00,1.00,8.00,6.00,1.00,0.51,3.00,24.00,19.00,0.79
7.00,33.28,18.13,10.27,6.32,7.93,48.00,8.00,1.00,7.00,4.00,1.00,0.54,3.00,27.00,19.00,0.70
7.00,41.48,21.82,10.09,7.54,9.14,52.00,8.00,1.00,8.00,6.00,1.00,0.53,4.00,29.00,23.00,0.79
8.00,35.13,25.40,9.43,6.44,5.81,67.00,10.00,1.00,7.00,4.00,3.00,0.72,3.00,23.00,22.00,0.96
8.00,36.35,19.95,9.55,5.75,6.58,71.00,10.00,1.00,5.00,2.00,3.00,0.55,3.00,28.00,23.00,0.82
8.00,39.81,21.95,9.01,6.81,6.41,70.00,9.00,1.00,7.00,4.00,3.00,0.55,3.00,31.00,23.00,0.74
8.00,40.62,22.99,10.03,6.33,6.61,78.00,7.00,1.00,5.00,2.00,3.00,0.57,4.00,37.00,35.00,0.95
8.00,41.37,21.55,8.86,6.14,6.67,76.00,9.00,1.00,6.00,6.00,3.00,0.52,4.00,41.00,35.00,0.85
60.00,49.97,22.36,8.63,8.32,8.75,63.00,9.00,1.00,6.00,4.00,2.00,0.45,1.00,0.00,0.00,0.00
60.00,44.87,22.29,8.65,8.65,8.85,59.00,11.00,1.00,6.00,4.00,2.00,0.50,2.00,14.00,10.00,0.71
60.00,44.68,19.55,7.02,5.88,7.08,66.00,7.00,1.00,6.00,4.00,2.00,0.44,2.00,15.00,14.00,0.93
60.00,43.88,20.50,9.76,7.95,7.64,65.00,8.00,1.00,6.00,4.00,2.00,0.47,2.00,15.00,12.00,0.80
60.00,44.55,21.19,9.46,7.52,9.10,59.00,9.00,1.00,6.00,4.00,2.00,0.48,2.00,18.00,10.00,0.56
45.00,43.74,23.25,11.43,6.85,6.58,89.00,7.00,1.00,7.00,4.00,2.00,0.53,4.00,32.00,29.00,0.91
45.00,45.69,22.14,8.93,6.78,6.88,81.00,8.00,1.00,8.00,4.00,2.00,0.48,4.00,36.00,32.00,0.89
45.00,43.16,21.85,9.74,6.43,6.26,79.00,8.00,1.00,8.00,4.00,2.00,0.51,4.00,39.00,33.00,0.85
45.00,46.36,25.18,11.33,7.17,7.28,80.00,7.00,1.00,8.00,6.00,2.00,0.54,4.00,40.00,36.00,0.90
45.00,47.93,25.41,11.35,6.73,7.14,88.00,7.00,1.00,8.00,4.00,2.00,0.53,4.00,58.00,51.00,0.88
2.00,48.50,23.69,7.10,8.04,7.45,73.00,9.00,1.00,7.00,4.00,2.00,0.49,1.00,0.00,0.00,0.00
2.00,45.65,24.08,7.69,6.93,8.25,66.00,9.00,1.00,7.00,4.00,2.00,0.53,2.00,22.00,18.00,0.82
18.00,46.96,26.05,10.87,8.68,8.10,78.00,8.00,1.00,7.00,4.00,2.00,0.55,4.00,45.00,42.00,0.93
18.00,45.08,24.69,11.24,8.13,7.48,75.00,9.00,1.00,7.00,6.00,2.00,0.55,3.00,45.00,36.00,0.80
18.00,49.56,26.90,9.99,8.98,9.26,78.00,7.00,1.00,7.00,4.00,2.00,0.54,4.00,47.00,40.00,0.85
18.00,44.69,24.28,9.76,7.63,7.62,77.00,9.00,1.00,7.00,4.00,2.00,0.54,4.00,50.00,39.00,0.78
18.00,47.94,25.99,10.66,7.93,8.25,85.00,7.00,1.00,7.00,4.00,2.00,0.54,1.00,57.00,49.00,0.86
6.00,54.06,24.80,10.35,10.89,10.02,82.00,8.00,1.00,5.00,2.00,1.00,0.46,1.00,0.00,0.00,0.00
6.00,46.11,21.60,8.83,8.11,7.03,70.00,7.00,1.00,5.00,2.00,1.00,0.47,1.00,0.00,0.00,0.00
6.00,36.19,17.24,9.06,7.97,7.35,47.00,8.00,1.00,5.00,2.00,1.00,0.48,1.00,0.00,0.00,0.00
6.00,49.00,23.84,8.54,9.76,8.96,70.00,14.00,1.00,5.00,2.00,1.00,0.49,1.00,0.00,0.00,0.00
6.00,42.14,20.54,8.23,8.27,8.00,61.00,9.00,1.00,5.00,2.00,1.00,0.49,2.00,15.00,5.00,0.33
11.00,51.76,23.57,7.66,8.98,8.34,63.00,7.00,1.00,6.00,4.00,2.00,0.46,1.00,0.00,0.00,0.00
11.00,51.33,23.40,8.09,8.37,7.90,69.00,7.00,1.00,6.00,4.00,2.00,0.46,1.00,0.00,0.00,0.00
11.00,37.74,19.98,10.24,6.23,6.28,65.00,7.00,1.00,6.00,4.00,2.00,0.53,1.00,0.00,0.00,0.00
11.00,51.73,25.49,9.24,8.60,7.76,69.00,6.00,1.00,6.00,4.00,2.00,0.49,2.00,17.00,11.00,0.65
11.00,47.23,23.33,9.72,9.00,8.61,63.00,8.00,1.00,6.00,4.00,2.00,0.49,3.00,21.00,18.00,0.86
13.00,40.23,20.80,8.73,8.97,6.98,66.00,7.00,1.00,8.00,4.00,3.00,0.52,1.00,0.00,0.00,0.00
13.00,48.12,24.40,6.63,9.07,8.30,70.00,14.00,1.00,7.00,4.00,3.00,0.51,3.00,19.00,18.00,0.95
13.00,49.00,23.74,7.30,9.80,7.31,76.00,10.00,1.00,7.00,4.00,3.00,0.48,3.00,23.00,21.00,0.91
13.00,50.17,24.28,8.59,8.25,7.01,76.00,6.00,1.00,8.00,4.00,3.00,0.48,3.00,30.00,27.00,0.90
13.00,51.83,24.46,9.33,9.25,7.53,88.00,8.00,1.00,7.00,4.00,3.00,0.47,3.00,31.00,28.00,0.90
13.00,37.46,20.35,6.83,6.82,6.59,59.00,7.00,1.00,7.00,4.00,4.00,0.54,4.00,15.00,14.00,0.93
13.00,43.06,22.84,8.29,7.90,7.92,60.00,11.00,1.00,7.00,4.00,4.00,0.53,4.00,24.00,21.00,0.88
13.00,36.20,19.42,8.98,7.11,6.71,63.00,9.00,1.00,7.00,4.00,4.00,0.54,3.00,24.00,20.00,0.83
13.00,39.12,20.93,7.82,6.93,5.95,60.00,7.00,1.00,7.00,4.00,4.00,0.54,3.00,25.00,23.00,0.92
13.00,38.83,21.68,8.08,6.57,6.14,66.00,9.00,1.00,7.00,4.00,4.00,0.56,4.00,26.00,24.00,0.92
37.00,42.72,21.42,10.56,8.06,7.25,55.00,10.00,1.00,7.00,6.00,1.00,0.50,4.00,27.00,24.00,0.89
37.00,45.28,23.44,10.42,7.55,7.30,68.00,10.00,1.00,6.00,4.00,1.00,0.52,4.00,33.00,32.00,0.97
37.00,41.32,22.62,8.68,7.49,6.59,64.00,9.00,1.00,7.00,4.00,1.00,0.55,4.00,34.00,33.00,0.97
37.00,41.07,21.95,10.57,7.35,7.16,65.00,6.00,1.00,7.00,4.00,1.00,0.53,4.00,35.00,34.00,0.97
37.00,43.19,22.03,9.28,7.36,6.88,66.00,9.00,1.00,7.00,4.00,1.00,0.51,4.00,36.00,33.00,0.92
55.00,41.84,21.61,11.87,6.96,7.68,64.00,6.00,1.00,7.00,6.00,3.00,0.52,1.00,0.00,0.00,0.00
55.00,28.59,15.13,9.54,6.22,7.07,43.00,6.00,1.00,7.00,6.00,2.00,0.53,1.00,0.00,0.00,0.00
55.00,40.96,21.85,11.44,8.56,8.00,65.00,10.00,1.00,7.00,6.00,2.00,0.53,1.00,0.00,0.00,0.00
55.00,36.70,20.05,12.31,7.18,7.40,59.00,7.00,1.00,7.00,6.00,2.00,0.55,1.00,0.00,0.00,0.00
55.00,39.30,21.98,12.86,7.29,7.46,61.00,7.00,1.00,7.00,6.00,2.00,0.56,1.00,0.00,0.00,0.00
27.00,39.96,22.62,10.63,8.58,7.55,58.00,8.00,1.00,8.00,6.00,2.00,0.57,3.00,21.00,19.00,0.90
27.00,43.48,22.49,8.71,8.83,7.71,66.00,5.00,1.00,8.00,6.00,1.00,0.52,4.00,27.00,23.00,0.85
27.00,48.80,23.13,9.16,8.78,8.30,67.00,6.00,1.00,8.00,6.00,1.00,0.47,4.00,28.00,26.00,0.93
27.00,51.09,26.13,9.40,8.75,8.17,67.00,9.00,1.00,8.00,6.00,2.00,0.51,4.00,38.00,36.00,0.95
27.00,48.80,25.31,9.55,8.48,8.32,64.00,8.00,1.00,8.00,6.00,2.00,0.52,4.00,41.00,37.00,0.90
9.00,59.10,27.37,9.81,9.47,9.69,70.00,8.00,2.00,5.00,4.00,3.00,0.46,2.00,18.00,18.00,1.00
9.00,57.19,25.05,11.42,8.84,9.33,69.00,9.00,2.00,5.00,4.00,3.00,0.44,3.00,33.00,27.00,0.82
9.00,62.42,30.18,10.62,9.75,9.15,72.00,10.00,2.00,4.00,4.00,3.00,0.48,3.00,34.00,31.00,0.91
9.00,61.66,27.78,9.43,8.72,10.94,67.00,10.00,2.00,4.00,4.00,3.00,0.45,4.00,35.00,33.00,0.94
9.00,54.43,26.60,9.10,9.63,8.90,57.00,13.00,2.00,4.00,4.00,3.00,0.49,4.00,35.00,31.00,0.89
57.00,43.90,25.34,11.50,6.98,6.12,84.00,7.00,1.00,7.00,4.00,3.00,0.58,4.00,36.00,33.00,0.92
57.00,47.74,23.86,9.42,5.83,7.20,79.00,10.00,1.00,7.00,4.00,3.00,0.50,2.00,37.00,36.00,0.97
57.00,47.06,23.73,10.21,6.71,6.24,82.00,14.00,1.00,7.00,4.00,3.00,0.50,3.00,46.00,44.00,0.96
57.00,46.10,24.09,9.87,5.89,7.21,87.00,8.00,1.00,7.00,4.00,3.00,0.52,3.00,46.00,41.00,0.89
57.00,47.34,25.11,8.82,6.39,7.20,83.00,9.00,1.00,7.00,6.00,3.00,0.53,4.00,50.00,45.00,0.90
10.00,40.70,18.70,8.45,5.56,5.37,66.00,9.00,1.00,8.00,4.00,3.00,0.46,2.00,19.00,15.00,0.79
10.00,43.88,21.94,8.32,5.95,6.04,72.00,7.00,1.00,8.00,4.00,3.00,0.50,2.00,21.00,16.00,0.76
10.00,42.66,20.51,6.83,6.12,6.00,61.00,5.00,1.00,8.00,4.00,3.00,0.48,2.00,22.00,19.00,0.86
10.00,40.75,18.78,9.05,5.07,5.30,64.00,6.00,1.00,7.00,4.00,3.00,0.46,3.00,24.00,22.00,0.92
10.00,38.87,18.84,8.49,5.01,5.65,68.00,6.00,1.00,7.00,4.00,3.00,0.48,3.00,25.00,23.00,0.92
9.00,47.32,20.58,12.34,7.12,7.23,67.00,10.00,1.00,6.00,4.00,1.00,0.43,3.00,22.00,21.00,0.95
9.00,54.30,22.54,12.54,9.36,8.61,70.00,14.00,1.00,6.00,4.00,1.00,0.42,4.00,28.00,26.00,0.93
9.00,48.88,19.99,12.65,8.36,7.32,69.00,11.00,1.00,6.00,4.00,1.00,0.41,4.00,29.00,27.00,0.93
9.00,58.93,23.37,11.13,9.77,8.46,65.00,9.00,1.00,6.00,4.00,1.00,0.40,4.00,36.00,29.00,0.81
9.00,56.15,23.62,11.10,9.13,7.87,76.00,6.00,1.00,7.00,4.00,2.00,0.42,4.00,45.00,44.00,0.98
38.00,42.42,19.79,12.90,7.59,7.44,68.00,6.00,1.00,7.00,4.00,3.00,0.47,3.00,22.00,20.00,0.91
38.00,47.74,23.73,10.80,7.76,7.65,69.00,8.00,1.00,7.00,4.00,3.00,0.50,3.00,35.00,34.00,0.97
38.00,55.25,24.19,11.69,8.39,7.29,75.00,9.00,1.00,7.00,4.00,3.00,0.44,4.00,38.00,36.00,0.95
38.00,54.96,26.05,10.42,8.19,6.76,83.00,8.00,1.00,7.00,4.00,3.00,0.47,4.00,38.00,38.00,1.00
38.00,49.03,24.85,10.77,8.09,7.61,70.00,8.00,1.00,7.00,4.00,3.00,0.51,4.00,39.00,33.00,0.85
35.00,36.80,21.12,9.28,7.11,6.83,59.00,6.00,1.00,6.00,4.00,1.00,0.57,3.00,11.00,10.00,0.91
35.00,39.28,19.19,8.19,7.49,8.59,42.00,5.00,1.00,7.00,4.00,1.00,0.49,3.00,15.00,15.00,1.00
35.00,42.75,21.31,9.69,8.01,7.56,64.00,8.00,1.00,7.00,4.00,2.00,0.50,4.00,20.00,19.00,0.95
35.00,43.08,21.43,9.86,7.99,7.46,69.00,8.00,1.00,7.00,4.00,2.00,0.50,4.00,33.00,29.00,0.88
35.00,44.79,23.14,8.53,8.57,8.03,67.00,7.00,1.00,6.00,4.00,2.00,0.52,4.00,37.00,33.00,0.89
2.00,39.28,20.67,10.19,7.47,7.60,67.00,9.00,1.00,6.00,4.00,1.00,0.53,2.00,17.00,16.00,0.94
2.00,37.07,18.84,8.97,7.16,8.15,54.00,7.00,1.00,6.00,4.00,1.00,0.51,2.00,18.00,18.00,1.00
2.00,36.57,19.50,10.26,7.22,8.24,56.00,9.00,1.00,6.00,4.00,1.00,0.53,4.00,19.00,16.00,0.84
2.00,42.38,22.12,9.12,7.79,7.71,68.00,10.00,1.00,6.00,4.00,1.00,0.52,2.00,32.00,29.00,0.91
2.00,37.57,19.97,7.89,7.68,7.63,58.00,9.00,1.00,6.00,4.00,1.00,0.53,3.00,35.00,33.00,0.94
28.00,39.61,18.27,12.57,7.64,6.87,64.00,8.00,1.00,5.00,2.00,1.00,0.46,1.00,0.00,0.00,0.00
28.00,41.20,20.68,7.92,8.19,8.36,51.00,7.00,1.00,6.00,4.00,1.00,0.50,2.00,14.00,12.00,0.86
28.00,45.40,21.09,9.48,7.42,7.55,68.00,7.00,1.00,6.00,4.00,1.00,0.46,2.00,24.00,19.00,0.79
28.00,43.11,21.02,10.10,8.06,7.38,69.00,6.00,1.00,6.00,4.00,1.00,0.49,2.00,26.00,23.00,0.88
28.00,44.07,20.78,9.10,8.20,6.71,65.00,6.00,1.00,5.00,2.00,1.00,0.47,2.00,34.00,31.00,0.91
15.00,39.87,19.13,12.12,7.12,6.54,70.00,10.00,1.00,8.00,2.00,1.00,0.48,4.00,22.00,13.00,0.59
15.00,40.10,18.75,10.10,7.32,6.88,65.00,8.00,1.00,7.00,4.00,1.00,0.47,4.00,25.00,17.00,0.68
15.00,43.89,20.86,9.64,7.86,8.11,68.00,7.00,1.00,6.00,4.00,1.00,0.48,4.00,30.00,23.00,0.77
15.00,41.25,18.98,9.52,7.28,6.13,63.00,8.00,1.00,7.00,2.00,1.00,0.46,4.00,36.00,29.00,0.81
15.00,46.41,21.63,13.12,8.10,7.65,65.00,10.00,1.00,7.00,4.00,1.00,0.47,4.00,41.00,32.00,0.78
33.00,45.06,22.96,10.60,7.53,7.33,60.00,9.00,1.00,8.00,4.00,3.00,0.51,4.00,30.00,22.00,0.73
33.00,44.91,22.87,10.46,6.71,7.91,72.00,11.00,1.00,7.00,4.00,3.00,0.51,4.00,31.00,30.00,0.97
33.00,42.83,21.98,11.91,7.22,8.08,60.00,14.00,1.00,8.00,4.00,3.00,0.51,4.00,32.00,29.00,0.91
33.00,42.93,24.30,9.02,7.70,7.27,78.00,14.00,1.00,8.00,6.00,3.00,0.57,4.00,33.00,33.00,1.00
33.00,48.81,24.36,11.37,7.12,7.70,72.00,10.00,1.00,8.00,4.00,3.00,0.50,4.00,39.00,35.00,0.90
53.00,35.98,18.62,9.34,6.28,5.86,55.00,14.00,1.00,6.00,4.00,1.00,0.52,3.00,20.00,18.00,0.90
53.00,36.35,18.20,7.30,5.89,6.43,63.00,10.00,1.00,6.00,4.00,1.00,0.50,3.00,23.00,21.00,0.91
53.00,44.63,22.04,8.94,7.35,6.40,66.00,12.00,1.00,7.00,4.00,1.00,0.49,3.00,32.00,31.00,0.97
53.00,45.63,22.96,11.01,8.19,7.48,72.00,9.00,1.00,8.00,6.00,1.00,0.50,3.00,34.00,29.00,0.85
53.00,35.78,19.80,10.07,5.78,6.08,57.00,11.00,1.00,7.00,4.00,1.00,0.55,3.00,40.00,37.00,0.93
81.00,33.10,18.35,8.27,8.55,6.38,59.00,7.00,1.00,6.00,2.00,2.00,0.55,4.00,0.00,0.00,0.00
81.00,48.11,24.31,9.77,7.48,6.77,86.00,9.00,1.00,7.00,4.00,3.00,0.51,4.00,27.00,26.00,0.96
81.00,48.99,23.27,8.73,8.07,6.87,82.00,10.00,1.00,7.00,4.00,2.00,0.47,4.00,28.00,25.00,0.89
81.00,45.69,22.21,7.38,8.48,7.53,67.00,6.00,1.00,7.00,4.00,2.00,0.49,4.00,28.00,26.00,0.93
81.00,43.77,21.74,10.20,9.15,7.65,67.00,8.00,2.00,6.00,6.00,2.00,0.50,4.00,34.00,26.00,0.76
1.00,44.57,22.45,8.90,7.40,8.78,70.00,8.00,1.00,6.00,4.00,2.00,0.50,3.00,34.00,32.00,0.94
14.00,34.77,21.78,10.30,7.47,7.95,67.00,8.00,1.00,6.00,4.00,1.00,0.63,4.00,20.00,16.00,0.80
14.00,44.39,21.49,9.76,8.09,7.64,69.00,5.00,1.00,8.00,4.00,1.00,0.48,4.00,22.00,15.00,0.68
14.00,43.70,20.20,9.50,7.92,7.95,62.00,10.00,1.00,7.00,4.00,1.00,0.46,3.00,26.00,22.00,0.85
14.00,43.36,20.56,10.15,7.23,7.20,65.00,6.00,1.00,8.00,4.00,1.00,0.47,2.00,26.00,20.00,0.77
14.00,42.56,20.67,9.40,7.89,7.57,62.00,9.00,1.00,6.00,4.00,1.00,0.49,4.00,29.00,21.00,0.72
42.00,39.52,21.41,7.07,6.97,7.28,63.00,5.00,1.00,7.00,4.00,1.00,0.54,4.00,17.00,14.00,0.82
42.00,52.83,22.34,9.84,8.77,8.90,62.00,10.00,1.00,6.00,4.00,1.00,0.42,4.00,29.00,15.00,0.52
42.00,49.63,22.05,8.23,9.26,9.28,62.00,11.00,1.00,6.00,4.00,1.00,0.44,4.00,33.00,23.00,0.70
42.00,53.21,23.72,10.72,8.26,8.56,73.00,10.00,1.00,6.00,4.00,1.00,0.45,4.00,43.00,24.00,0.56
42.00,55.17,25.19,11.29,9.14,7.92,70.00,9.00,1.00,6.00,4.00,1.00,0.46,3.00,44.00,25.00,0.57
34.00,49.91,27.47,8.67,7.48,8.46,80.00,19.00,1.00,7.00,4.00,3.00,0.55,4.00,14.00,14.00,1.00
34.00,54.41,24.12,8.45,7.92,7.63,70.00,18.00,1.00,7.00,4.00,3.00,0.44,4.00,28.00,27.00,0.96
34.00,64.52,27.70,9.16,10.32,9.34,73.00,10.00,1.00,7.00,6.00,3.00,0.43,4.00,33.00,28.00,0.85
34.00,63.90,28.16,9.39,9.09,9.17,83.00,12.00,1.00,8.00,6.00,3.00,0.44,4.00,36.00,29.00,0.81
34.00,71.01,28.82,7.02,7.88,8.86,91.00,11.00,1.00,8.00,4.00,3.00,0.41,4.00,42.00,33.00,0.79
1.00,44.95,20.11,7.21,7.23,6.82,50.00,9.00,1.00,8.00,6.00,1.00,0.45,2.00,8.00,6.00,0.75
1.00,51.11,23.62,7.64,8.37,7.85,60.00,9.00,1.00,8.00,4.00,1.00,0.46,3.00,12.00,11.00,0.92
1.00,49.30,22.81,6.86,8.24,8.43,56.00,7.00,1.00,8.00,4.00,1.00,0.46,2.00,14.00,12.00,0.86
50.00,47.09,21.66,7.83,9.30,7.98,62.00,12.00,1.00,6.00,4.00,1.00,0.46,3.00,17.00,16.00,0.94
50.00,43.49,19.97,6.85,8.31,7.69,58.00,7.00,1.00,6.00,4.00,1.00,0.46,4.00,21.00,11.00,0.52
50.00,48.38,22.42,8.09,8.38,7.94,67.00,7.00,1.00,6.00,4.00,1.00,0.46,3.00,26.00,21.00,0.81
50.00,48.81,23.18,7.88,8.15,8.49,68.00,10.00,1.00,6.00,4.00,1.00,0.47,4.00,29.00,28.00,0.97
50.00,47.09,22.70,8.55,8.44,7.25,68.00,9.00,1.00,6.00,4.00,1.00,0.48,4.00,33.00,31.00,0.94
26.00,47.36,21.99,11.03,8.54,7.33,71.00,17.00,1.00,5.00,2.00,2.00,0.46,1.00,0.00,0.00,0.00
26.00,38.58,19.05,8.55,8.81,8.24,53.00,10.00,1.00,5.00,2.00,2.00,0.49,2.00,7.00,4.00,0.57
26.00,55.35,25.74,10.82,10.31,9.83,63.00,7.00,1.00,8.00,6.00,2.00,0.47,3.00,27.00,19.00,0.70
26.00,52.76,24.66,11.01,8.04,8.15,74.00,7.00,1.00,8.00,6.00,2.00,0.47,3.00,29.00,24.00,0.83
26.00,58.25,28.34,9.34,9.28,8.00,79.00,7.00,1.00,8.00,6.00,2.00,0.49,3.00,34.00,28.00,0.82
9.00,26.58,14.12,7.92,4.67,5.87,45.00,7.00,1.00,7.00,4.00,1.00,0.53,3.00,17.00,13.00,0.76
9.00,31.05,16.11,8.85,6.60,5.83,47.00,10.00,1.00,6.00,4.00,1.00,0.52,2.00,19.00,15.00,0.79
9.00,29.19,15.63,9.54,5.69,5.94,50.00,10.00,1.00,6.00,4.00,1.00,0.54,3.00,22.00,20.00,0.91
9.00,40.69,19.16,11.46,7.01,6.33,52.00,6.00,1.00,7.00,4.00,1.00,0.47,2.00,27.00,25.00,0.93
9.00,26.71,15.95,9.45,4.45,5.29,53.00,10.00,1.00,6.00,4.00,1.00,0.60,3.00,29.00,26.00,0.90
33.00,46.13,18.92,6.87,6.10,6.94,67.00,12.00,1.00,6.00,4.00,3.00,0.41,2.00,19.00,12.00,0.63
33.00,64.41,25.64,8.76,8.61,8.85,74.00,6.00,1.00,7.00,4.00,3.00,0.40,3.00,32.00,29.00,0.91
33.00,66.84,25.72,9.62,9.60,10.59,67.00,7.00,1.00,6.00,4.00,3.00,0.38,3.00,33.00,23.00,0.70
33.00,63.15,24.30,9.84,8.29,7.91,72.00,10.00,1.00,6.00,4.00,3.00,0.38,3.00,35.00,30.00,0.86
33.00,63.98,25.74,7.58,8.05,9.18,76.00,6.00,1.00,6.00,4.00,3.00,0.40,3.00,44.00,33.00,0.75
43.00,42.24,18.59,11.86,5.80,6.17,69.00,8.00,1.00,7.00,4.00,2.00,0.44,1.00,0.00,0.00,0.00
43.00,51.31,22.77,10.43,8.60,7.56,77.00,11.00,1.00,7.00,4.00,2.00,0.44,3.00,25.00,17.00,0.68
43.00,53.78,24.14,9.84,7.32,7.35,81.00,9.00,1.00,7.00,4.00,2.00,0.45,3.00,39.00,34.00,0.87
43.00,64.55,26.85,10.99,9.20,8.47,77.00,21.00,1.00,6.00,4.00,3.00,0.42,3.00,40.00,36.00,0.90
43.00,59.53,26.75,11.47,8.48,8.09,86.00,14.00,1.00,7.00,4.00,3.00,0.45,3.00,49.00,45.00,0.92
36.00,33.43,15.68,9.28,6.37,5.60,62.00,6.00,1.00,8.00,4.00,2.00,0.47,4.00,13.00,7.00,0.54
36.00,42.00,20.83,9.82,6.89,6.12,74.00,7.00,1.00,8.00,4.00,2.00,0.50,4.00,15.00,15.00,1.00
36.00,36.50,18.25,9.82,6.52,5.69,67.00,6.00,1.00,8.00,4.00,2.00,0.50,2.00,15.00,11.00,0.73
36.00,41.02,19.54,8.55,7.74,6.49,65.00,6.00,1.00,8.00,6.00,2.00,0.48,4.00,17.00,16.00,0.94
36.00,43.17,20.51,8.34,6.82,6.65,68.00,7.00,1.00,7.00,4.00,2.00,0.48,4.00,20.00,19.00,0.95
6.00,34.29,18.09,7.88,5.48,5.02,62.00,6.00,1.00,7.00,4.00,2.00,0.53,2.00,20.00,15.00,0.75
6.00,32.02,17.86,5.48,5.34,5.85,51.00,5.00,1.00,7.00,4.00,2.00,0.56,3.00,24.00,15.00,0.63
6.00,32.95,18.55,5.72,5.74,5.86,58.00,9.00,1.00,7.00,4.00,2.00,0.56,3.00,24.00,19.00,0.79
6.00,39.66,19.46,9.03,7.06,6.82,65.00,7.00,1.00,6.00,4.00,2.00,0.49,3.00,26.00,22.00,0.85
6.00,40.60,23.48,7.89,6.89,5.82,69.00,9.00,1.00,7.00,4.00,3.00,0.58,3.00,31.00,21.00,0.68
15.00,41.30,20.67,7.99,5.42,6.57,68.00,7.00,1.00,6.00,4.00,2.00,0.50,4.00,16.00,12.00,0.75
15.00,37.00,19.86,7.83,6.98,7.45,66.00,6.00,1.00,6.00,4.00,2.00,0.54,3.00,16.00,13.00,0.81
15.00,36.72,19.09,6.40,6.26,7.14,58.00,7.00,1.00,6.00,4.00,2.00,0.52,2.00,17.00,16.00,0.94
15.00,42.67,22.91,8.80,7.05,7.10,70.00,6.00,1.00,6.00,4.00,2.00,0.54,3.00,20.00,16.00,0.80
15.00,38.46,19.95,7.02,6.31,7.39,59.00,7.00,1.00,6.00,4.00,2.00,0.52,4.00,21.00,14.00,0.67
64.00,60.04,27.94,11.20,9.95,9.44,89.00,8.00,2.00,5.00,4.00,1.00,0.47,4.00,9.00,4.00,0.44
64.00,54.91,25.43,10.85,9.07,9.15,88.00,15.00,1.00,5.00,2.00,1.00,0.46,2.00,12.00,9.00,0.75
64.00,56.17,26.17,9.73,8.86,8.60,83.00,8.00,1.00,5.00,2.00,1.00,0.47,4.00,20.00,15.00,0.75
64.00,60.17,27.33,11.03,9.28,9.14,80.00,10.00,2.00,5.00,4.00,1.00,0.45,4.00,27.00,17.00,0.63
64.00,56.74,27.11,10.19,9.30,8.83,81.00,10.00,2.00,5.00,4.00,1.00,0.48,4.00,28.00,20.00,0.71
73.00,35.95,17.71,9.66,7.67,5.61,54.00,12.00,1.00,7.00,4.00,3.00,0.49,2.00,8.00,6.00,0.75
73.00,37.15,17.17,6.90,6.80,5.66,54.00,7.00,2.00,6.00,6.00,3.00,0.46,3.00,9.00,7.00,0.78
73.00,35.09,17.61,8.50,6.77,5.47,62.00,8.00,2.00,5.00,4.00,3.00,0.50,3.00,27.00,15.00,0.56
73.00,50.05,23.40,6.92,7.88,7.55,75.00,7.00,2.00,6.00,6.00,4.00,0.47,4.00,29.00,14.00,0.48
73.00,45.37,22.51,10.54,7.27,6.67,74.00,5.00,2.00,6.00,6.00,3.00,0.50,3.00,38.00,21.00,0.55
1.00,40.22,21.74,9.99,8.76,7.44,75.00,6.00,1.00,6.00,6.00,1.00,0.54,4.00,23.00,22.00,0.96
1.00,36.88,20.56,9.58,7.32,7.17,65.00,9.00,1.00,6.00,6.00,1.00,0.56,4.00,28.00,25.00,0.89
8.00,46.88,21.78,9.20,7.31,7.38,65.00,7.00,1.00,7.00,4.00,2.00,0.46,1.00,0.00,0.00,0.00
8.00,39.33,18.99,9.20,6.19,5.34,70.00,9.00,1.00,6.00,2.00,2.00,0.48,2.00,17.00,12.00,0.71
8.00,43.13,22.29,11.32,6.99,6.59,71.00,11.00,1.00,8.00,4.00,2.00,0.52,2.00,18.00,12.00,0.67
8.00,46.10,23.00,9.31,7.62,7.12,70.00,10.00,1.00,7.00,4.00,2.00,0.50,2.00,23.00,17.00,0.74
8.00,46.55,22.62,8.71,7.46,6.85,66.00,9.00,1.00,7.00,4.00,2.00,0.49,2.00,30.00,23.00,0.77
40.00,44.20,22.94,9.78,7.55,6.56,74.00,13.00,1.00,7.00,4.00,2.00,0.52,4.00,23.00,21.00,0.91
40.00,49.72,21.05,8.17,8.38,6.84,78.00,8.00,1.00,7.00,4.00,2.00,0.42,4.00,26.00,24.00,0.92
40.00,44.47,20.86,9.48,6.48,7.02,73.00,6.00,1.00,7.00,4.00,2.00,0.47,4.00,27.00,27.00,1.00
40.00,48.37,22.31,9.48,8.71,7.39,75.00,7.00,1.00,7.00,4.00,2.00,0.46,4.00,30.00,25.00,0.83
40.00,58.38,24.39,10.70,9.60,8.74,76.00,8.00,1.00,7.00,4.00,2.00,0.42,4.00,41.00,38.00,0.93
41.00,35.34,21.80,9.14,7.46,6.83,71.00,4.00,1.00,6.00,4.00,2.00,0.62,4.00,28.00,23.00,0.82
41.00,51.98,21.88,9.43,7.99,7.60,75.00,7.00,1.00,5.00,2.00,2.00,0.42,4.00,34.00,30.00,0.88
41.00,52.21,22.43,8.53,7.56,6.57,79.00,14.00,1.00,6.00,4.00,2.00,0.43,4.00,36.00,25.00,0.69
41.00,58.08,24.21,9.60,8.23,7.44,83.00,9.00,2.00,4.00,2.00,3.00,0.42,4.00,39.00,29.00,0.74
41.00,60.07,25.96,8.67,8.83,7.94,78.00,9.00,2.00,5.00,4.00,3.00,0.43,4.00,41.00,33.00,0.80
115.00,46.58,22.01,12.27,6.64,6.00,74.00,9.00,1.00,7.00,4.00,2.00,0.47,4.00,35.00,32.00,0.91
115.00,46.02,22.04,8.36,7.42,6.60,72.00,8.00,1.00,8.00,6.00,2.00,0.48,4.00,35.00,33.00,0.94
115.00,49.50,22.34,9.20,7.16,6.48,76.00,8.00,1.00,8.00,6.00,2.00,0.45,4.00,36.00,36.00,1.00
115.00,46.07,21.95,9.54,6.51,6.72,77.00,9.00,1.00,8.00,6.00,2.00,0.48,4.00,36.00,31.00,0.86
115.00,51.47,24.24,9.59,7.05,6.55,78.00,10.00,1.00,8.00,6.00,3.00,0.47,4.00,38.00,28.00,0.74
26.00,51.62,21.68,7.21,8.57,7.47,64.00,7.00,1.00,5.00,2.00,1.00,0.42,1.00,0.00,0.00,0.00
26.00,60.82,23.23,7.67,10.13,8.20,67.00,7.00,1.00,8.00,4.00,2.00,0.38,1.00,0.00,0.00,0.00
26.00,53.85,22.31,8.06,8.43,6.85,70.00,12.00,1.00,5.00,2.00,1.00,0.41,2.00,35.00,27.00,0.77
26.00,50.19,21.63,8.02,8.26,7.69,61.00,8.00,1.00,8.00,4.00,1.00,0.43,3.00,36.00,32.00,0.89
26.00,56.37,22.02,9.30,9.21,7.63,73.00,8.00,1.00,8.00,4.00,2.00,0.39,2.00,38.00,34.00,0.89
2.00,52.92,25.70,8.79,9.89,8.64,75.00,9.00,1.00,6.00,4.00,1.00,0.49,1.00,0.00,0.00,0.00
2.00,56.48,27.55,11.57,8.63,8.51,83.00,8.00,1.00,7.00,4.00,1.00,0.49,1.00,0.00,0.00,0.00
2.00,41.26,20.75,9.03,6.87,7.01,63.00,8.00,1.00,7.00,4.00,1.00,0.50,2.00,16.00,11.00,0.69
2.00,38.63,18.98,8.03,7.60,6.37,62.00,9.00,1.00,6.00,4.00,1.00,0.49,2.00,19.00,18.00,0.95
2.00,45.50,21.68,10.07,8.82,7.56,67.00,8.00,1.00,6.00,4.00,1.00,0.48,2.00,27.00,25.00,0.93
83.00,54.78,27.73,16.17,8.11,7.90,85.00,11.00,1.00,8.00,4.00,4.00,0.51,4.00,48.00,36.00,0.75
83.00,56.94,25.72,9.82,8.58,7.57,88.00,10.00,1.00,8.00,4.00,4.00,0.45,3.00,49.00,33.00,0.67
83.00,67.62,30.95,7.46,8.92,9.49,90.00,15.00,1.00,6.00,4.00,4.00,0.46,4.00,51.00,45.00,0.88
83.00,60.37,28.35,12.63,7.24,8.05,83.00,12.00,1.00,8.00,4.00,4.00,0.47,4.00,65.00,58.00,0.89
83.00,67.93,31.56,11.21,8.56,8.70,92.00,14.00,1.00,8.00,4.00,4.00,0.46,4.00,66.00,50.00,0.76
17.00,43.54,23.70,7.82,7.94,8.33,62.00,7.00,1.00,6.00,4.00,4.00,0.54,2.00,14.00,12.00,0.86
17.00,39.84,21.86,6.73,7.47,7.83,60.00,8.00,1.00,6.00,4.00,3.00,0.55,2.00,16.00,12.00,0.75
17.00,41.16,23.81,7.90,7.49,7.35,64.00,8.00,1.00,6.00,4.00,3.00,0.58,3.00,25.00,19.00,0.76
17.00,40.61,24.81,7.04,8.04,7.24,69.00,7.00,1.00,6.00,4.00,4.00,0.61,2.00,32.00,31.00,0.97
17.00,43.49,24.30,7.69,7.40,8.82,73.00,7.00,1.00,6.00,4.00,3.00,0.56,3.00,40.00,33.00,0.83
24.00,48.02,21.76,9.59,7.95,7.45,74.00,12.00,1.00,7.00,4.00,2.00,0.45,2.00,20.00,19.00,0.95
24.00,52.61,23.68,8.80,7.86,7.64,70.00,9.00,1.00,6.00,4.00,2.00,0.45,4.00,23.00,18.00,0.78
24.00,48.65,23.55,8.17,7.36,7.45,67.00,10.00,1.00,6.00,4.00,2.00,0.48,4.00,24.00,22.00,0.92
24.00,51.97,25.24,9.01,7.13,7.10,68.00,11.00,1.00,8.00,6.00,2.00,0.49,4.00,26.00,21.00,0.81
24.00,50.22,24.29,8.28,8.33,7.84,68.00,6.00,1.00,7.00,6.00,2.00,0.48,4.00,27.00,26.00,0.96
27.00,42.90,24.28,7.92,8.85,8.25,71.00,7.00,1.00,8.00,4.00,1.00,0.57,4.00,32.00,19.00,0.59
27.00,45.09,23.41,7.53,8.66,8.32,71.00,7.00,1.00,8.00,6.00,1.00,0.52,4.00,34.00,29.00,0.85
27.00,45.65,25.07,8.54,8.98,8.93,77.00,8.00,1.00,8.00,6.00,1.00,0.55,3.00,36.00,21.00,0.58
27.00,46.28,24.15,7.51,8.11,8.34,78.00,10.00,1.00,8.00,4.00,1.00,0.52,3.00,37.00,30.00,0.81
27.00,45.05,24.09,8.84,7.97,8.04,75.00,12.00,1.00,8.00,4.00,1.00,0.53,4.00,40.00,24.00,0.60
89.00,44.25,23.03,8.38,6.46,7.01,72.00,9.00,1.00,7.00,4.00,4.00,0.52,2.00,21.00,17.00,0.81
89.00,47.11,24.92,11.51,8.57,7.77,66.00,8.00,1.00,5.00,4.00,4.00,0.53,4.00,28.00,21.00,0.75
89.00,44.12,23.89,11.02,8.58,7.60,70.00,7.00,1.00,6.00,4.00,4.00,0.54,4.00,31.00,31.00,1.00
89.00,55.94,26.92,9.67,9.37,8.68,76.00,10.00,1.00,6.00,4.00,4.00,0.48,4.00,41.00,38.00,0.93
89.00,61.09,30.34,10.81,9.57,10.02,80.00,10.00,1.00,6.00,4.00,4.00,0.50,3.00,46.00,44.00,0.96
11.00,40.38,18.07,8.67,6.91,6.10,65.00,5.00,1.00,6.00,4.00,1.00,0.45,2.00,13.00,12.00,0.92
11.00,51.95,21.91,9.04,7.79,7.20,92.00,7.00,1.00,7.00,4.00,1.00,0.42,4.00,21.00,20.00,0.95
11.00,41.13,18.23,7.84,6.50,5.55,63.00,7.00,1.00,8.00,4.00,1.00,0.44,4.00,23.00,16.00,0.70
11.00,44.48,20.84,9.04,8.78,7.67,68.00,5.00,1.00,7.00,6.00,1.00,0.47,3.00,26.00,23.00,0.88
11.00,50.64,22.93,8.84,7.78,7.20,78.00,6.00,2.00,7.00,6.00,1.00,0.45,4.00,28.00,20.00,0.71
58.00,54.56,25.18,10.62,9.09,8.16,92.00,9.00,1.00,6.00,4.00,2.00,0.46,2.00,23.00,21.00,0.91
58.00,53.07,24.88,9.71,8.35,8.93,77.00,10.00,1.00,6.00,4.00,2.00,0.47,3.00,27.00,21.00,0.78
58.00,56.75,27.16,11.57,9.23,8.63,85.00,6.00,1.00,6.00,4.00,2.00,0.48,4.00,32.00,29.00,0.91
58.00,58.55,28.34,12.80,8.54,7.97,98.00,7.00,1.00,6.00,2.00,2.00,0.48,2.00,34.00,29.00,0.85
58.00,55.09,25.77,10.85,10.08,9.83,78.00,7.00,1.00,6.00,4.00,2.00,0.47,3.00,39.00,33.00,0.85
109.00,47.28,26.02,11.66,7.26,7.60,97.00,14.00,1.00,6.00,4.00,1.00,0.55,2.00,3.00,1.00,0.33
109.00,42.38,24.00,10.21,8.28,7.70,82.00,12.00,1.00,6.00,4.00,1.00,0.57,2.00,4.00,1.00,0.25
109.00,44.48,24.41,7.72,7.39,7.42,77.00,10.00,1.00,6.00,4.00,1.00,0.55,2.00,8.00,5.00,0.63
109.00,48.07,25.50,10.38,8.10,8.35,90.00,16.00,1.00,6.00,4.00,1.00,0.53,2.00,15.00,13.00,0.87
109.00,43.31,23.95,11.00,7.79,8.11,65.00,10.00,1.00,6.00,4.00,1.00,0.55,3.00,22.00,16.00,0.73
2.00,30.10,16.20,6.83,5.26,5.12,58.00,7.00,1.00,6.00,4.00,1.00,0.54,4.00,21.00,19.00,0.90
2.00,25.30,15.07,7.40,4.61,4.90,66.00,6.00,1.00,6.00,4.00,1.00,0.60,4.00,22.00,19.00,0.86
2.00,44.12,20.67,7.66,7.02,6.17,65.00,6.00,1.00,7.00,4.00,2.00,0.47,4.00,25.00,23.00,0.92
2.00,42.37,20.07,9.24,5.92,5.65,64.00,6.00,1.00,7.00,4.00,2.00,0.47,4.00,25.00,24.00,0.96
52.00,58.30,21.86,10.16,8.50,8.30,73.00,7.00,1.00,7.00,2.00,1.00,0.37,1.00,0.00,0.00,0.00
52.00,63.38,23.69,7.33,8.90,10.11,66.00,7.00,1.00,7.00,4.00,1.00,0.37,2.00,27.00,27.00,1.00
52.00,59.35,22.74,8.42,7.92,9.56,65.00,10.00,1.00,7.00,6.00,1.00,0.38,3.00,27.00,26.00,0.96
52.00,67.43,24.66,7.89,8.66,9.88,76.00,6.00,1.00,7.00,2.00,1.00,0.37,3.00,38.00,31.00,0.82
52.00,59.81,23.83,10.52,8.45,8.81,79.00,13.00,1.00,7.00,4.00,1.00,0.40,3.00,39.00,36.00,0.92
55.00,41.45,22.54,9.18,6.93,8.69,58.00,9.00,1.00,5.00,4.00,3.00,0.54,3.00,20.00,20.00,1.00
55.00,45.66,24.05,9.33,8.47,8.38,62.00,8.00,1.00,5.00,4.00,3.00,0.53,3.00,25.00,25.00,1.00
55.00,46.03,24.36,10.65,8.09,9.24,72.00,6.00,1.00,6.00,4.00,3.00,0.53,4.00,25.00,23.00,0.92
55.00,41.23,23.97,11.57,7.80,7.63,68.00,8.00,1.00,6.00,4.00,3.00,0.58,4.00,29.00,26.00,0.90
55.00,49.37,26.13,8.89,8.33,9.67,74.00,7.00,1.00,7.00,4.00,4.00,0.53,4.00,37.00,34.00,0.92
24.00,32.81,14.74,8.49,5.40,6.45,48.00,5.00,1.00,8.00,4.00,1.00,0.45,2.00,4.00,2.00,0.50
24.00,40.23,17.33,11.91,6.87,7.44,66.00,7.00,1.00,8.00,4.00,1.00,0.43,3.00,13.00,10.00,0.77
24.00,38.28,17.81,10.96,7.24,6.88,72.00,8.00,1.00,8.00,4.00,1.00,0.47,3.00,19.00,13.00,0.68
24.00,38.93,17.46,9.26,6.38,7.29,57.00,7.00,1.00,7.00,4.00,1.00,0.45,4.00,25.00,22.00,0.88
24.00,42.21,19.34,8.14,7.65,7.26,67.00,6.00,1.00,7.00,4.00,1.00,0.46,3.00,26.00,21.00,0.81
5.00,39.79,17.48,6.61,7.95,8.79,54.00,10.00,1.00,7.00,6.00,1.00,0.44,4.00,18.00,15.00,0.83
5.00,38.05,18.93,10.10,6.51,7.15,65.00,9.00,1.00,6.00,4.00,1.00,0.50,2.00,24.00,9.00,0.38
5.00,46.67,20.94,8.70,7.42,7.86,68.00,19.00,1.00,7.00,6.00,1.00,0.45,4.00,33.00,21.00,0.64
5.00,48.49,22.74,7.91,8.08,8.64,70.00,7.00,1.00,7.00,8.00,1.00,0.47,4.00,33.00,30.00,0.91
5.00,49.83,22.18,9.81,8.09,8.67,69.00,11.00,1.00,7.00,6.00,1.00,0.45,4.00,39.00,38.00,0.97
3.00,35.85,18.16,10.01,6.83,6.38,60.00,9.00,1.00,6.00,4.00,2.00,0.51,2.00,16.00,15.00,0.94
3.00,39.02,18.73,9.00,7.68,6.71,61.00,9.00,1.00,6.00,4.00,2.00,0.48,2.00,18.00,13.00,0.72
3.00,41.99,18.75,9.86,7.98,7.36,56.00,13.00,1.00,6.00,4.00,2.00,0.45,4.00,20.00,17.00,0.85
3.00,42.77,19.37,8.72,7.53,6.46,65.00,7.00,1.00,6.00,4.00,2.00,0.45,3.00,22.00,21.00,0.95
3.00,40.51,18.88,10.40,7.92,7.22,65.00,13.00,1.00,6.00,4.00,2.00,0.47,4.00,24.00,22.00,0.92
16.00,33.27,18.08,8.40,5.44,6.19,66.00,8.00,1.00,7.00,4.00,2.00,0.54,2.00,15.00,12.00,0.80
16.00,33.58,18.39,7.04,5.75,6.05,67.00,8.00,1.00,6.00,4.00,2.00,0.55,2.00,18.00,15.00,0.83
16.00,38.03,21.46,10.62,6.82,7.41,73.00,9.00,1.00,8.00,4.00,3.00,0.56,3.00,30.00,20.00,0.67
16.00,34.44,18.04,8.52,5.17,6.02,72.00,8.00,1.00,7.00,4.00,2.00,0.52,2.00,32.00,19.00,0.59
16.00,40.85,21.24,9.90,6.65,7.11,77.00,8.00,1.00,7.00,4.00,3.00,0.52,3.00,35.00,25.00,0.71
87.00,47.95,23.13,9.86,9.25,8.88,46.00,6.00,1.00,6.00,4.00,1.00,0.48,4.00,18.00,15.00,0.83
87.00,49.17,24.48,11.76,9.99,9.31,58.00,6.00,1.00,6.00,4.00,1.00,0.50,4.00,20.00,13.00,0.65
87.00,43.22,21.50,9.95,9.32,8.32,50.00,12.00,1.00,6.00,4.00,1.00,0.50,4.00,23.00,19.00,0.83
87.00,54.01,24.56,10.65,10.71,10.23,62.00,6.00,1.00,6.00,4.00,1.00,0.45,4.00,35.00,27.00,0.77
87.00,48.69,23.40,11.54,9.67,9.62,64.00,7.00,1.00,7.00,4.00,1.00,0.48,4.00,35.00,28.00,0.80
47.00,46.42,24.39,7.27,8.73,8.34,76.00,8.00,1.00,6.00,6.00,1.00,0.53,4.00,24.00,20.00,0.83
47.00,46.60,25.83,9.50,8.55,8.30,75.00,8.00,1.00,6.00,4.00,1.00,0.55,4.00,29.00,26.00,0.90
47.00,39.99,21.99,8.62,7.60,7.36,66.00,10.00,1.00,6.00,6.00,1.00,0.55,4.00,29.00,24.00,0.83
47.00,42.13,23.41,9.75,8.23,7.71,73.00,9.00,1.00,6.00,6.00,1.00,0.56,4.00,34.00,31.00,0.91
47.00,44.05,24.98,8.44,8.01,8.18,74.00,8.00,1.00,6.00,6.00,1.00,0.57,4.00,35.00,31.00,0.89
76.00,38.05,19.15,9.45,5.53,6.07,77.00,7.00,1.00,7.00,6.00,3.00,0.50,1.00,0.00,0.00,0.00
76.00,46.62,23.27,9.33,6.68,6.96,72.00,5.00,1.00,7.00,6.00,3.00,0.50,2.00,36.00,32.00,0.89
76.00,54.07,25.77,8.68,7.72,7.87,88.00,6.00,1.00,7.00,6.00,3.00,0.48,3.00,46.00,40.00,0.87
76.00,51.68,23.49,10.66,7.73,7.59,77.00,7.00,1.00,8.00,6.00,3.00,0.45,3.00,50.00,41.00,0.82
76.00,47.29,23.75,9.11,7.30,7.22,76.00,6.00,1.00,8.00,6.00,3.00,0.50,2.00,50.00,45.00,0.90
16.00,56.33,26.92,11.35,9.65,9.07,80.00,10.00,1.00,7.00,4.00,4.00,0.48,1.00,0.00,0.00,0.00
16.00,48.69,23.91,9.32,8.06,7.02,84.00,7.00,1.00,7.00,4.00,3.00,0.49,4.00,11.00,10.00,0.91
16.00,47.23,23.97,11.13,8.03,7.87,76.00,7.00,1.00,7.00,4.00,4.00,0.51,2.00,14.00,11.00,0.79
16.00,46.76,24.35,11.61,7.48,8.05,73.00,7.00,1.00,7.00,4.00,3.00,0.52,2.00,17.00,14.00,0.82
16.00,59.22,27.98,12.44,8.91,8.55,98.00,11.00,1.00,7.00,4.00,4.00,0.47,2.00,27.00,25.00,0.93
45.00,47.70,23.03,7.21,10.57,8.53,61.00,7.00,1.00,6.00,4.00,1.00,0.48,1.00,0.00,0.00,0.00
45.00,51.15,26.51,9.21,10.38,9.32,66.00,9.00,1.00,6.00,4.00,1.00,0.52,1.00,0.00,0.00,0.00
45.00,51.62,25.08,8.34,9.70,9.00,69.00,7.00,1.00,7.00,4.00,1.00,0.49,1.00,0.00,0.00,0.00
45.00,54.35,26.69,10.37,10.42,9.72,76.00,10.00,1.00,7.00,4.00,1.00,0.49,1.00,0.00,0.00,0.00
45.00,50.74,25.57,8.37,11.21,9.62,65.00,9.00,1.00,7.00,4.00,1.00,0.50,1.00,0.00,0.00,0.00